Gender,Married,Dependents,Education,Self_Employed,Loan_Amount_Term,Credit_History,TotalIncome,Loan_to_Income_Ratio,EMI,Property_Area_Rural,Property_Area_Semiurban,Property_Area_Urban,Loan_Status
0.47234264016825267,-1.3720893221584447,-0.7378063230712658,0.5283622494715786,-0.39260073655797517,0.2732312961117544,0.41173269183271005,-0.12031623865000003,-0.22904466366413304,-0.23130482669294317,-0.6414781780182107,-0.7820157008848647,1.4281470373865712,1
0.47234264016825267,0.7288155252362812,0.2534695683198878,0.5283622494715786,-0.39260073655797517,0.2732312961117544,0.41173269183271005,-0.036096894491664394,-0.32898308857742026,-0.23130482669294317,1.5588994828934168,-0.7820157008848647,-0.7002080134759401,0
0.47234264016825267,0.7288155252362812,-0.7378063230712658,0.5283622494715786,2.5471169737663755,0.2732312961117544,0.41173269183271005,-1.1118076085140425,-0.21572094486611038,-0.5685207425329879,-0.6414781780182107,-0.7820157008848647,1.4281470373865712,1
0.47234264016825267,0.7288155252362812,-0.7378063230712658,-1.8926408936295354,-0.39260073655797517,0.2732312961117544,0.41173269183271005,-0.43631278615317676,0.04710249928471497,-0.27481655776907804,-0.6414781780182107,-0.7820157008848647,1.4281470373865712,1
0.47234264016825267,-1.3720893221584447,-0.7378063230712658,0.5283622494715786,-0.39260073655797517,0.2732312961117544,0.41173269183271005,-0.06776615200574929,-0.04330848634921856,-0.16059826369422417,-0.6414781780182107,-0.7820157008848647,1.4281470373865712,1
0.47234264016825267,0.7288155252362812,1.2447454597110414,0.5283622494715786,2.5471169737663755,0.2732312961117544,0.41173269183271005,1.1896077754490717,0.44805416676097287,0.5247115007548987,-0.6414781780182107,-0.7820157008848647,1.4281470373865712,1
0.47234264016825267,0.7288155252362812,-0.7378063230712658,-1.8926408936295354,-0.39260073655797517,0.2732312961117544,0.41173269183271005,-0.8163438763221954,0.09252213070526846,-0.4107907173819992,-0.6414781780182107,-0.7820157008848647,1.4281470373865712,1
0.47234264016825267,0.7288155252362812,2.236021351102195,0.5283622494715786,-0.39260073655797517,0.2732312961117544,-2.428760260810931,-0.22785250867035423,0.5336819434166967,-0.06813583515743776,-0.6414781780182107,1.2787467040220322,-0.7002080134759401,0
0.47234264016825267,0.7288155252362812,1.2447454597110414,0.5283622494715786,-0.39260073655797517,0.2732312961117544,0.41173269183271005,-0.230636619221043,0.7461984549287819,-0.013746171312269262,-0.6414781780182107,-0.7820157008848647,1.4281470373865712,1
0.47234264016825267,0.7288155252362812,0.2534695683198878,0.5283622494715786,-0.39260073655797517,0.2732312961117544,0.41173269183271005,2.2135949356469347,-1.0595853917513394,0.9707067442852803,-0.6414781780182107,1.2787467040220322,-0.7002080134759401,0
0.47234264016825267,0.7288155252362812,1.2447454597110414,0.5283622494715786,-0.39260073655797517,0.2732312961117544,0.41173269183271005,-0.7985951715615545,-0.6813819439373733,-0.5467648769949204,-0.6414781780182107,-0.7820157008848647,1.4281470373865712,1
0.47234264016825267,0.7288155252362812,1.2447454597110414,0.5283622494715786,-0.39260073655797517,0.2732312961117544,0.41173269183271005,-0.6454690912736715,0.14234609647772622,-0.33464518799876336,-0.6414781780182107,-0.7820157008848647,1.4281470373865712,1
0.47234264016825267,0.7288155252362812,1.2447454597110414,0.5283622494715786,-0.39260073655797517,0.2732312961117544,0.41173269183271005,1.7345974157464008,-0.6880520131995311,0.1603007529922699,-0.6414781780182107,-0.7820157008848647,1.4281470373865712,1
0.47234264016825267,-1.3720893221584447,-0.7378063230712658,0.5283622494715786,-0.39260073655797517,0.2732312961117544,0.41173269183271005,-0.522620213224529,0.04766758825281201,-0.3074503560761791,1.5588994828934168,-0.7820157008848647,-0.7002080134759401,0
0.47234264016825267,0.7288155252362812,1.2447454597110414,0.5283622494715786,-0.39260073655797517,-3.4548579441686273,0.41173269183271005,-1.3258361070982425,-1.9251464944381989,-0.6501052383007405,-0.6414781780182107,-0.7820157008848647,1.4281470373865712,1
0.47234264016825267,-1.3720893221584447,-0.7378063230712658,0.5283622494715786,-0.39260073655797517,0.2732312961117544,0.41173269183271005,-0.4331806617836519,0.15812963858465817,-0.24762172584649378,-0.6414781780182107,-0.7820157008848647,1.4281470373865712,1
0.47234264016825267,-1.3720893221584447,0.2534695683198878,-1.8926408936295354,-0.39260073655797517,-1.5908133240284363,0.41173269183271005,-0.9043913724877282,0.45193783034724383,-0.11164756623357251,-0.6414781780182107,-0.7820157008848647,1.4281470373865712,1
-2.1171071907541332,-1.3720893221584447,-0.7378063230712658,0.5283622494715786,-0.39260073655797517,0.2732312961117544,-2.428760260810931,-0.9343205609076326,-0.25567216982159124,-0.5141310786878194,-0.6414781780182107,-0.7820157008848647,1.4281470373865712,0
0.47234264016825267,0.7288155252362812,-0.7378063230712658,-1.8926408936295354,-0.39260073655797517,0.2732312961117544,0.41173269183271005,-0.455105532370326,0.38370664094133805,-0.20410999477035893,1.5588994828934168,-0.7820157008848647,-0.7002080134759401,0
0.47234264016825267,0.7288155252362812,-0.7378063230712658,0.5283622494715786,-0.39260073655797517,0.2732312961117544,0.41173269183271005,-0.03296477012213951,-0.5775044643769647,-0.30201138969166225,-0.6414781780182107,-0.7820157008848647,1.4281470373865712,1
0.47234264016825267,0.7288155252362812,-0.7378063230712658,-1.8926408936295354,-0.39260073655797517,0.2732312961117544,-2.428760260810931,0.509936787262173,-1.1838716692795002,-0.3618400199213476,-0.6414781780182107,-0.7820157008848647,1.4281470373865712,0
0.47234264016825267,0.7288155252362812,0.2534695683198878,0.5283622494715786,-0.39260073655797517,0.2732312961117544,0.41173269183271005,1.874150957099676,0.3822137990059423,0.7857818872117074,-0.6414781780182107,-0.7820157008848647,1.4281470373865712,1
0.47234264016825267,0.7288155252362812,-0.7378063230712658,-1.8926408936295354,-0.39260073655797517,0.2732312961117544,-2.428760260810931,-0.5859587282526988,0.2112779437507627,-0.29657242330714534,-0.6414781780182107,1.2787467040220322,-0.7002080134759401,0
0.47234264016825267,0.7288155252362812,1.2447454597110414,-1.8926408936295354,-0.39260073655797517,0.2732312961117544,-2.428760260810931,-0.31764007393006743,-0.30720421832376654,-0.31832828884521275,1.5588994828934168,-0.7820157008848647,-0.7002080134759401,0
0.47234264016825267,0.7288155252362812,0.2534695683198878,0.5283622494715786,-0.39260073655797517,0.2732312961117544,0.41173269183271005,0.15565871968702544,-0.1313404221592586,-0.10620859984905567,-0.6414781780182107,1.2787467040220322,-0.7002080134759401,0
0.47234264016825267,0.7288155252362812,-0.7378063230712658,0.5283622494715786,2.5471169737663755,0.2732312961117544,0.41173269183271005,1.1711630430507585,-0.44800885968803106,0.11135005553161824,-0.6414781780182107,1.2787467040220322,-0.7002080134759401,1
0.47234264016825267,0.7288155252362812,-0.7378063230712658,0.5283622494715786,-0.39260073655797517,0.2732312961117544,0.41173269183271005,-0.3976832522623699,0.031271619089996185,-0.2639386250000443,-0.6414781780182107,1.2787467040220322,-0.7002080134759401,1
0.47234264016825267,0.7288155252362812,1.2447454597110414,-1.8926408936295354,-0.39260073655797517,0.2732312961117544,0.41173269183271005,-0.323208295031445,-0.3434532789895247,-0.3292062216142464,-0.6414781780182107,-0.7820157008848647,1.4281470373865712,1
0.47234264016825267,-1.3720893221584447,-0.7378063230712658,-1.8926408936295354,-0.39260073655797517,0.2732312961117544,0.41173269183271005,-1.6540131382606826,0.04540860395558972,-0.73712870045301,-0.6414781780182107,-0.7820157008848647,1.4281470373865712,0
-2.1171071907541332,-1.3720893221584447,1.2447454597110414,0.5283622494715786,-0.39260073655797517,0.2732312961117544,0.41173269183271005,-0.1258844597513776,-0.37978816351993483,-0.27481655776907804,-0.6414781780182107,1.2787467040220322,-0.7002080134759401,1
0.47234264016825267,0.7288155252362812,0.2534695683198878,0.5283622494715786,-0.39260073655797517,0.2732312961117544,0.41173269183271005,0.4664350599076607,0.3216903281752606,0.16573971937678675,-0.6414781780182107,-0.7820157008848647,1.4281470373865712,0
0.47234264016825267,-1.3720893221584447,-0.7378063230712658,0.5283622494715786,-0.39260073655797517,0.2732312961117544,0.41173269183271005,-1.053689300768414,-0.05871509378852393,-0.525009011456853,-0.6414781780182107,-0.7820157008848647,1.4281470373865712,0
0.47234264016825267,-1.3720893221584447,0.2534695683198878,0.5283622494715786,2.5471169737663755,0.2732312961117544,0.41173269183271005,-0.5229682270433651,-0.14771625818766573,-0.35096208715231386,1.5588994828934168,-0.7820157008848647,-0.7002080134759401,0
0.47234264016825267,0.7288155252362812,-0.7378063230712658,0.5283622494715786,-0.39260073655797517,0.2732312961117544,0.41173269183271005,-0.35766166309621866,-0.2084689660935787,-0.3074503560761791,-0.6414781780182107,1.2787467040220322,-0.7002080134759401,1
0.47234264016825267,-1.3720893221584447,2.236021351102195,0.5283622494715786,-0.39260073655797517,0.2732312961117544,0.41173269183271005,2.2135949356469347,-0.37144832675233497,0.8129767191342915,1.5588994828934168,-0.7820157008848647,-0.7002080134759401,0
0.47234264016825267,0.7288155252362812,-0.7378063230712658,0.5283622494715786,-0.39260073655797517,0.2732312961117544,0.41173269183271005,-0.6447730636359993,0.643985335311162,-0.23130482669294317,-0.6414781780182107,-0.7820157008848647,1.4281470373865712,1
0.47234264016825267,0.7288155252362812,-0.7378063230712658,0.5283622494715786,-0.39260073655797517,0.2732312961117544,-2.428760260810931,-1.0568214251379389,0.8952602423345657,-0.3835958854594149,-0.6414781780182107,-0.7820157008848647,1.4281470373865712,0
-2.1171071907541332,0.7288155252362812,-0.7378063230712658,0.5283622494715786,-0.39260073655797517,0.2732312961117544,0.41173269183271005,-0.37193022966849865,0.48451266868122933,-0.14428136454067358,-0.6414781780182107,1.2787467040220322,-0.7002080134759401,1
0.47234264016825267,-1.3720893221584447,-0.7378063230712658,0.5283622494715786,-0.39260073655797517,0.2732312961117544,0.41173269183271005,1.803156138057112,-0.8853246984310095,0.07327729084000022,-0.6414781780182107,-0.7820157008848647,1.4281470373865712,1
0.47234264016825267,-1.3720893221584447,-0.7378063230712658,-1.8926408936295354,-0.39260073655797517,0.2732312961117544,0.41173269183271005,-0.2710062222060303,-0.40995024328395746,-0.3292062216142464,-0.6414781780182107,1.2787467040220322,-0.7002080134759401,1
0.47234264016825267,-1.3720893221584447,-0.7378063230712658,0.5283622494715786,-0.39260073655797517,0.2732312961117544,0.41173269183271005,-0.9029993172123838,-0.19017835841916322,-0.4923752131497519,-0.6414781780182107,-0.7820157008848647,1.4281470373865712,0
0.47234264016825267,-1.3720893221584447,-0.7378063230712658,0.5283622494715786,-0.39260073655797517,0.2732312961117544,0.41173269183271005,-1.107283428869173,-0.9514542505319521,-0.6718611038388078,-0.6414781780182107,-0.7820157008848647,1.4281470373865712,1
0.47234264016825267,0.7288155252362812,-0.7378063230712658,0.5283622494715786,-0.39260073655797517,0.2732312961117544,0.41173269183271005,-1.320615899815701,0.847489215988055,-0.5195700450723362,-0.6414781780182107,-0.7820157008848647,1.4281470373865712,1
0.47234264016825267,0.7288155252362812,-0.7378063230712658,0.5283622494715786,-0.39260073655797517,0.2732312961117544,0.41173269183271005,0.02863367581184978,-0.2906884564340731,-0.19867102838584208,-0.6414781780182107,1.2787467040220322,-0.7002080134759401,1
0.47234264016825267,0.7288155252362812,-0.7378063230712658,-1.8926408936295354,2.5471169737663755,0.2732312961117544,0.41173269183271005,-0.5219241855868568,-0.3941926271647456,-0.40535175099748233,-0.6414781780182107,-0.7820157008848647,1.4281470373865712,1
-2.1171071907541332,-1.3720893221584447,-0.7378063230712658,0.5283622494715786,-0.39260073655797517,0.2732312961117544,0.41173269183271005,-0.9691219427912423,0.22179884233804495,-0.44886348207361715,-0.6414781780182107,-0.7820157008848647,1.4281470373865712,1
0.47234264016825267,0.7288155252362812,0.2534695683198878,0.5283622494715786,-0.39260073655797517,0.2732312961117544,0.41173269183271005,-0.18991900241721957,-1.8491578180376484,-0.6881780029923584,-0.6414781780182107,-0.7820157008848647,1.4281470373865712,1
0.47234264016825267,0.7288155252362812,-0.7378063230712658,0.5283622494715786,-0.39260073655797517,0.2732312961117544,0.41173269183271005,-0.13006062557741077,0.09899127684175418,-0.14428136454067358,-0.6414781780182107,-0.7820157008848647,1.4281470373865712,1
-2.1171071907541332,0.7288155252362812,-0.7378063230712658,0.5283622494715786,-0.39260073655797517,0.2732312961117544,-2.428760260810931,-0.03818497740468098,-0.4777161023165937,-0.27481655776907804,-0.6414781780182107,-0.7820157008848647,1.4281470373865712,0
-2.1171071907541332,-1.3720893221584447,-0.7378063230712658,0.5283622494715786,-0.39260073655797517,0.2732312961117544,0.41173269183271005,0.027937648174177585,-0.10673245847296214,-0.14428136454067358,-0.6414781780182107,1.2787467040220322,-0.7002080134759401,1
-2.1171071907541332,0.7288155252362812,-0.7378063230712658,-1.8926408936295354,-0.39260073655797517,0.2732312961117544,0.41173269183271005,-0.9127437041397944,0.4734140330356727,-0.3835958854594149,-0.6414781780182107,1.2787467040220322,-0.7002080134759401,1
-2.1171071907541332,-1.3720893221584447,-0.7378063230712658,0.5283622494715786,-0.39260073655797517,0.2732312961117544,0.41173269183271005,-1.081878420094138,1.7251017789183332,-0.27481655776907804,-0.6414781780182107,1.2787467040220322,-0.7002080134759401,1
-2.1171071907541332,-1.3720893221584447,-0.7378063230712658,0.5283622494715786,-0.39260073655797517,0.2732312961117544,0.41173269183271005,-0.6837506113456422,0.2989349990755648,-0.31832828884521275,-0.6414781780182107,1.2787467040220322,-0.7002080134759401,0
0.47234264016825267,0.7288155252362812,1.2447454597110414,0.5283622494715786,-0.39260073655797517,0.2732312961117544,0.41173269183271005,-0.5494172772749085,0.5922570236428588,-0.19867102838584208,-0.6414781780182107,-0.7820157008848647,1.4281470373865712,0
-2.1171071907541332,0.7288155252362812,0.2534695683198878,0.5283622494715786,2.5471169737663755,0.2732312961117544,-2.428760260810931,1.846309851592788,0.11411158447055228,0.6280518620607187,-0.6414781780182107,-0.7820157008848647,1.4281470373865712,0
0.47234264016825267,0.7288155252362812,1.2447454597110414,0.5283622494715786,-0.39260073655797517,0.2732312961117544,0.41173269183271005,-0.8072955170324569,0.1328117669744881,-0.39991278461296553,-0.6414781780182107,1.2787467040220322,-0.7002080134759401,1
0.47234264016825267,0.7288155252362812,-0.7378063230712658,0.5283622494715786,-0.39260073655797517,0.2732312961117544,0.41173269183271005,-0.8601936174955438,0.21940864423534387,-0.40535175099748233,-0.6414781780182107,1.2787467040220322,-0.7002080134759401,1
0.47234264016825267,0.7288155252362812,-0.7378063230712658,0.5283622494715786,-0.39260073655797517,0.2732312961117544,0.41173269183271005,-0.21880414938061568,0.04340368436732585,-0.19323206200132526,1.5588994828934168,-0.7820157008848647,-0.7002080134759401,0
0.47234264016825267,0.7288155252362812,0.2534695683198878,0.5283622494715786,-0.39260073655797517,0.2732312961117544,0.41173269183271005,1.4391336835545538,-0.7415817250860713,0.0515214253019329,-0.6414781780182107,-0.7820157008848647,1.4281470373865712,1
0.47234264016825267,0.7288155252362812,1.2447454597110414,-1.8926408936295354,-0.39260073655797517,0.2732312961117544,0.41173269183271005,0.00740483286284782,-0.08169633103830784,-0.14428136454067358,-0.6414781780182107,-0.7820157008848647,1.4281470373865712,1
0.47234264016825267,0.7288155252362812,-0.7378063230712658,0.5283622494715786,-0.39260073655797517,0.2732312961117544,0.41173269183271005,0.035245938369735635,-0.5536814946400088,-0.27481655776907804,-0.6414781780182107,-0.7820157008848647,1.4281470373865712,1
0.47234264016825267,0.7288155252362812,2.236021351102195,0.5283622494715786,-0.39260073655797517,0.2732312961117544,0.41173269183271005,-1.1017152077677956,1.0123217496477335,-0.3890348518439318,-0.6414781780182107,-0.7820157008848647,1.4281470373865712,1
0.47234264016825267,0.7288155252362812,-0.7378063230712658,-1.8926408936295354,2.5471169737663755,-2.5228356340985316,-2.428760260810931,-0.04758135051325561,0.38619529085413534,0.86736638297946,1.5588994828934168,-0.7820157008848647,-0.7002080134759401,0
0.47234264016825267,0.7288155252362812,0.2534695683198878,0.5283622494715786,-0.39260073655797517,0.2732312961117544,-2.428760260810931,-0.43492073087783234,0.2307965243768273,-0.23130482669294317,1.5588994828934168,-0.7820157008848647,-0.7002080134759401,0
-2.1171071907541332,-1.3720893221584447,-0.7378063230712658,0.5283622494715786,-0.39260073655797517,0.2732312961117544,-2.428760260810931,-0.7060234957511524,0.45605030492894144,-0.29657242330714534,-0.6414781780182107,1.2787467040220322,-0.7002080134759401,0
0.47234264016825267,0.7288155252362812,-0.7378063230712658,0.5283622494715786,-0.39260073655797517,0.2732312961117544,0.41173269183271005,1.4360015591850288,0.12882555525310277,0.4757608032942471,-0.6414781780182107,1.2787467040220322,-0.7002080134759401,0
0.47234264016825267,-1.3720893221584447,-0.7378063230712658,-1.8926408936295354,-0.39260073655797517,-2.5228356340985316,-2.428760260810931,-0.2577816970902586,-0.08901960021343314,0.44312700498714586,-0.6414781780182107,-0.7820157008848647,1.4281470373865712,0
0.47234264016825267,0.7288155252362812,0.2534695683198878,0.5283622494715786,-0.39260073655797517,0.2732312961117544,0.41173269183271005,1.5852994874657147,0.5915435895850725,0.7694649880581569,-0.6414781780182107,-0.7820157008848647,1.4281470373865712,1
0.47234264016825267,0.7288155252362812,2.236021351102195,-1.8926408936295354,2.5471169737663755,-4.386880254238722,0.41173269183271005,0.31504904871395817,-0.720816597986018,3.1517322644765366,-0.6414781780182107,-0.7820157008848647,1.4281470373865712,1
-2.1171071907541332,-1.3720893221584447,-0.7378063230712658,0.5283622494715786,-0.39260073655797517,0.2732312961117544,-2.428760260810931,-0.6593896440271154,0.8909264632888219,-0.18779309561680843,-0.6414781780182107,1.2787467040220322,-0.7002080134759401,0
0.47234264016825267,0.7288155252362812,-0.7378063230712658,0.5283622494715786,-0.39260073655797517,0.2732312961117544,0.41173269183271005,0.027589634355341487,0.40665670264593357,0.008009694225798161,-0.6414781780182107,-0.7820157008848647,1.4281470373865712,1
0.47234264016825267,0.7288155252362812,1.2447454597110414,-1.8926408936295354,2.5471169737663755,0.2732312961117544,0.41173269183271005,-0.8507972443869691,0.228720059310766,-0.39991278461296553,-0.6414781780182107,1.2787467040220322,-0.7002080134759401,1
0.47234264016825267,-1.3720893221584447,-0.7378063230712658,0.5283622494715786,-0.39260073655797517,-0.6587910139583409,0.41173269183271005,-0.9378006990959935,-0.08435907171038333,-0.3988249913360621,-0.6414781780182107,1.2787467040220322,-0.7002080134759401,1
0.47234264016825267,0.7288155252362812,2.236021351102195,-1.8926408936295354,-0.39260073655797517,0.2732312961117544,-2.428760260810931,-0.501043356456691,-0.44802150236310684,-0.4107907173819992,-0.6414781780182107,1.2787467040220322,-0.7002080134759401,0
0.47234264016825267,0.7288155252362812,2.236021351102195,0.5283622494715786,2.5471169737663755,0.2732312961117544,0.41173269183271005,0.2941682195837923,0.3087002831227685,0.08959418999355091,-0.6414781780182107,1.2787467040220322,-0.7002080134759401,1
0.47234264016825267,-1.3720893221584447,-0.7378063230712658,0.5283622494715786,-0.39260073655797517,2.1372759162519452,0.41173269183271005,-0.8507972443869691,0.719137719092147,-0.4665401228232969,-0.6414781780182107,-0.7820157008848647,1.4281470373865712,0
0.47234264016825267,-1.3720893221584447,-0.7378063230712658,0.5283622494715786,-0.39260073655797517,0.2732312961117544,0.41173269183271005,0.802268395084495,-0.3644689482924479,0.029765559763865475,-0.6414781780182107,-0.7820157008848647,1.4281470373865712,0
0.47234264016825267,0.7288155252362812,0.2534695683198878,0.5283622494715786,2.5471169737663755,0.2732312961117544,0.41173269183271005,-0.7561374856635505,0.39916824085400254,-0.3292062216142464,-0.6414781780182107,-0.7820157008848647,1.4281470373865712,0
0.47234264016825267,0.7288155252362812,2.236021351102195,0.5283622494715786,-0.39260073655797517,-0.6587910139583409,-2.428760260810931,0.3383659745759767,0.14233501056369532,0.2473242151445394,-0.6414781780182107,1.2787467040220322,-0.7002080134759401,0
0.47234264016825267,0.7288155252362812,2.236021351102195,-1.8926408936295354,2.5471169737663755,0.2732312961117544,0.41173269183271005,-0.24212107524263424,-0.02714057258758734,-0.22042689392390952,-0.6414781780182107,1.2787467040220322,-0.7002080134759401,1
-2.1171071907541332,-1.3720893221584447,-0.7378063230712658,0.5283622494715786,-0.39260073655797517,0.2732312961117544,0.41173269183271005,-0.8173879177787037,0.5729113926869731,-0.3237672552297296,-0.6414781780182107,1.2787467040220322,-0.7002080134759401,1
0.47234264016825267,0.7288155252362812,0.2534695683198878,0.5283622494715786,2.5471169737663755,0.2732312961117544,0.41173269183271005,-1.3223559689098814,3.398581699784443,-0.23130482669294317,-0.6414781780182107,1.2787467040220322,-0.7002080134759401,1
-2.1171071907541332,0.7288155252362812,1.2447454597110414,0.5283622494715786,-0.39260073655797517,0.2732312961117544,0.41173269183271005,-1.021672029435493,3.1454843576963953,-0.019185137696786092,-0.6414781780182107,-0.7820157008848647,1.4281470373865712,0
0.47234264016825267,0.7288155252362812,-0.7378063230712658,0.5283622494715786,-0.39260073655797517,0.2732312961117544,0.41173269183271005,0.7152649403754705,0.9476277651266536,0.5138335679858651,-0.6414781780182107,1.2787467040220322,-0.7002080134759401,0
0.47234264016825267,0.7288155252362812,0.2534695683198878,0.5283622494715786,-0.39260073655797517,-1.5908133240284363,0.41173269183271005,-0.7679699555039778,-1.3033432341662479,-0.5195700450723362,-0.6414781780182107,-0.7820157008848647,1.4281470373865712,1
0.47234264016825267,-1.3720893221584447,-0.7378063230712658,0.5283622494715786,-0.39260073655797517,0.2732312961117544,0.41173269183271005,-0.45162539418196507,0.447734306980389,-0.18779309561680843,-0.6414781780182107,1.2787467040220322,-0.7002080134759401,1
0.47234264016825267,0.7288155252362812,1.2447454597110414,-1.8926408936295354,-0.39260073655797517,0.2732312961117544,0.41173269183271005,-0.29989136916942644,-0.6106994703715238,-0.3890348518439318,-0.6414781780182107,1.2787467040220322,-0.7002080134759401,1
0.47234264016825267,0.7288155252362812,-0.7378063230712658,0.5283622494715786,-0.39260073655797517,0.2732312961117544,0.41173269183271005,-0.5487212496372363,-0.1558855831980564,-0.3618400199213476,-0.6414781780182107,1.2787467040220322,-0.7002080134759401,1
0.47234264016825267,-1.3720893221584447,-0.7378063230712658,0.5283622494715786,-0.39260073655797517,0.2732312961117544,0.41173269183271005,0.8252373071276774,0.07341779403356906,0.21469041683743842,-0.6414781780182107,-0.7820157008848647,1.4281470373865712,1
0.47234264016825267,0.7288155252362812,-0.7378063230712658,0.5283622494715786,-0.39260073655797517,0.2732312961117544,0.41173269183271005,1.27626321633926,-0.7048114883125268,0.024326593379348647,-0.6414781780182107,1.2787467040220322,-0.7002080134759401,1
0.47234264016825267,0.7288155252362812,-0.7378063230712658,0.5283622494715786,-0.39260073655797517,0.2732312961117544,0.41173269183271005,-0.11718411428047516,-0.17404528060187002,-0.2149879275393927,-0.6414781780182107,1.2787467040220322,-0.7002080134759401,1
0.47234264016825267,0.7288155252362812,1.2447454597110414,0.5283622494715786,-0.39260073655797517,-2.5228356340985316,0.41173269183271005,1.9869074344025714,-0.9291624622774056,1.1175588366672353,-0.6414781780182107,1.2787467040220322,-0.7002080134759401,1
0.47234264016825267,0.7288155252362812,1.2447454597110414,-1.8926408936295354,-0.39260073655797517,0.2732312961117544,0.41173269183271005,-0.3834146856900899,-0.9163842326618322,-0.48693624676523506,-0.6414781780182107,-0.7820157008848647,1.4281470373865712,1
0.47234264016825267,-1.3720893221584447,-0.7378063230712658,0.5283622494715786,-0.39260073655797517,0.2732312961117544,0.41173269183271005,-0.7175079517727437,0.6484688665628585,-0.2639386250000443,-0.6414781780182107,1.2787467040220322,-0.7002080134759401,1
0.47234264016825267,-1.3720893221584447,-0.7378063230712658,-1.8926408936295354,-0.39260073655797517,-3.4548579441686273,0.41173269183271005,-0.8960390408356618,-1.9506411535885706,-0.5195700450723362,-0.6414781780182107,1.2787467040220322,-0.7002080134759401,1
0.47234264016825267,-1.3720893221584447,-0.7378063230712658,0.5283622494715786,-0.39260073655797517,0.2732312961117544,0.41173269183271005,0.20438065432407912,-0.5750872842342583,-0.23130482669294317,-0.6414781780182107,-0.7820157008848647,1.4281470373865712,0
-2.1171071907541332,0.7288155252362812,-0.7378063230712658,0.5283622494715786,-0.39260073655797517,0.2732312961117544,0.41173269183271005,-0.4902549280727719,0.545785425750076,-0.1823541292322916,-0.6414781780182107,1.2787467040220322,-0.7002080134759401,1
0.47234264016825267,0.7288155252362812,-0.7378063230712658,0.5283622494715786,-0.39260073655797517,0.2732312961117544,0.41173269183271005,-1.1208559678037808,-0.8119951905506215,-0.6555442046852573,-0.6414781780182107,1.2787467040220322,-0.7002080134759401,1
0.47234264016825267,0.7288155252362812,-0.7378063230712658,-1.8926408936295354,-0.39260073655797517,-2.5228356340985316,0.41173269183271005,-0.6983671917367583,0.41179233936346804,0.3234697445277752,-0.6414781780182107,1.2787467040220322,-0.7002080134759401,1
0.47234264016825267,0.7288155252362812,-0.7378063230712658,0.5283622494715786,-0.39260073655797517,0.2732312961117544,0.41173269183271005,-0.3113758251910177,0.0965733196173161,-0.2149879275393927,-0.6414781780182107,1.2787467040220322,-0.7002080134759401,1
0.47234264016825267,0.7288155252362812,1.2447454597110414,-1.8926408936295354,-0.39260073655797517,-2.5228356340985316,0.41173269183271005,0.47200328100903827,-0.7199054194166321,0.5192725343703819,-0.6414781780182107,-0.7820157008848647,1.4281470373865712,1
0.47234264016825267,-1.3720893221584447,-0.7378063230712658,0.5283622494715786,-0.39260073655797517,0.2732312961117544,0.41173269183271005,0.8541224540910736,-0.7377093478126141,-0.10620859984905567,-0.6414781780182107,1.2787467040220322,-0.7002080134759401,1
0.47234264016825267,0.7288155252362812,-0.7378063230712658,0.5283622494715786,-0.39260073655797517,0.2732312961117544,0.41173269183271005,2.2135949356469347,-1.6665959926053255,-0.23130482669294317,-0.6414781780182107,-0.7820157008848647,1.4281470373865712,1
0.47234264016825267,0.7288155252362812,-0.7378063230712658,0.5283622494715786,-0.39260073655797517,0.2732312961117544,0.41173269183271005,0.710044733092929,-0.9578517215787699,-0.23130482669294317,-0.6414781780182107,1.2787467040220322,-0.7002080134759401,1
0.47234264016825267,0.7288155252362812,-0.7378063230712658,0.5283622494715786,-0.39260073655797517,0.2732312961117544,0.41173269183271005,-0.565425912941369,1.279777929446709,-0.05725790238840411,-0.6414781780182107,-0.7820157008848647,1.4281470373865712,1
0.47234264016825267,0.7288155252362812,0.2534695683198878,0.5283622494715786,-0.39260073655797517,0.2732312961117544,0.41173269183271005,-0.7352566565333847,0.07137972915613829,-0.3835958854594149,-0.6414781780182107,-0.7820157008848647,1.4281470373865712,1
0.47234264016825267,0.7288155252362812,1.2447454597110414,0.5283622494715786,-0.39260073655797517,0.2732312961117544,0.41173269183271005,2.209288264638838,-0.682580288011108,0.29627491260519107,-0.6414781780182107,-0.7820157008848647,1.4281470373865712,1
0.47234264016825267,-1.3720893221584447,-0.7378063230712658,-1.8926408936295354,-0.39260073655797517,0.2732312961117544,0.41173269183271005,0.39613626850276895,-0.8634883216258779,-0.27481655776907804,1.5588994828934168,-0.7820157008848647,-0.7002080134759401,0
0.47234264016825267,0.7288155252362812,1.2447454597110414,0.5283622494715786,-0.39260073655797517,0.2732312961117544,-2.428760260810931,0.4194531943647875,0.6106162437013345,0.2473242151445394,-0.6414781780182107,-0.7820157008848647,1.4281470373865712,0
0.47234264016825267,0.7288155252362812,2.236021351102195,-1.8926408936295354,-0.39260073655797517,2.1372759162519452,0.41173269183271005,-1.1727100268103594,1.0801697462873996,-0.5440453938026619,-0.6414781780182107,1.2787467040220322,-0.7002080134759401,1
0.47234264016825267,-1.3720893221584447,-0.7378063230712658,0.5283622494715786,-0.39260073655797517,0.2732312961117544,0.41173269183271005,-0.3058076040896401,0.1961316397626524,-0.18779309561680843,-0.6414781780182107,-0.7820157008848647,1.4281470373865712,1
-2.1171071907541332,0.7288155252362812,-0.7378063230712658,0.5283622494715786,-0.39260073655797517,0.2732312961117544,0.41173269183271005,-0.3246003503067894,0.2918396640403252,-0.17147619646325785,-0.6414781780182107,1.2787467040220322,-0.7002080134759401,1
0.47234264016825267,0.7288155252362812,-0.7378063230712658,-1.8926408936295354,-0.39260073655797517,0.2732312961117544,-2.428760260810931,0.5189851465519114,-0.47132626544644785,-0.10076963346453885,1.5588994828934168,-0.7820157008848647,-0.7002080134759401,0
-2.1171071907541332,-1.3720893221584447,0.2534695683198878,0.5283622494715786,2.5471169737663755,0.2732312961117544,0.41173269183271005,0.4372018991254285,-0.769865832339271,-0.23130482669294317,-0.6414781780182107,1.2787467040220322,-0.7002080134759401,1
0.47234264016825267,-1.3720893221584447,-0.7378063230712658,0.5283622494715786,-0.39260073655797517,0.2732312961117544,0.41173269183271005,-0.39837927990004207,-0.05867197275171387,-0.2856944905381117,-0.6414781780182107,1.2787467040220322,-0.7002080134759401,1
0.47234264016825267,0.7288155252362812,0.2534695683198878,0.5283622494715786,-0.39260073655797517,-2.5228356340985316,0.41173269183271005,2.2135949356469347,-1.2862868819396582,1.0849250383601339,1.5588994828934168,-0.7820157008848647,-0.7002080134759401,1
-2.1171071907541332,0.7288155252362812,-0.7378063230712658,0.5283622494715786,-0.39260073655797517,0.2732312961117544,0.41173269183271005,-0.259173752365603,0.5034551817915053,-0.08989170069550519,-0.6414781780182107,1.2787467040220322,-0.7002080134759401,1
0.47234264016825267,0.7288155252362812,0.2534695683198878,0.5283622494715786,-0.39260073655797517,0.2732312961117544,0.41173269183271005,-0.8988231513863506,-0.03955347156424391,-0.46518038122716765,-0.6414781780182107,-0.7820157008848647,1.4281470373865712,1
0.47234264016825267,0.7288155252362812,-0.7378063230712658,0.5283622494715786,-0.39260073655797517,0.2732312961117544,0.41173269183271005,0.5273374782039778,-0.13551523567277896,0.024326593379348647,1.5588994828934168,-0.7820157008848647,-0.7002080134759401,0
-2.1171071907541332,-1.3720893221584447,-0.7378063230712658,0.5283622494715786,-0.39260073655797517,0.2732312961117544,0.41173269183271005,1.4662787614237693,0.11585166943770436,0.4811997696787639,-0.6414781780182107,-0.7820157008848647,1.4281470373865712,1
0.47234264016825267,0.7288155252362812,-0.7378063230712658,0.5283622494715786,-0.39260073655797517,0.2732312961117544,0.41173269183271005,0.7444981011577028,-0.2618962037345652,0.0515214253019329,1.5588994828934168,-0.7820157008848647,-0.7002080134759401,1
-2.1171071907541332,-1.3720893221584447,-0.7378063230712658,0.5283622494715786,-0.39260073655797517,0.2732312961117544,0.41173269183271005,-0.7060234957511524,-1.5304590586838285,-0.6881780029923584,-0.6414781780182107,1.2787467040220322,-0.7002080134759401,1
-2.1171071907541332,-1.3720893221584447,-0.7378063230712658,0.5283622494715786,-0.39260073655797517,0.2732312961117544,-2.428760260810931,1.7130205589785628,-1.3279573283326391,-0.1823541292322916,-0.6414781780182107,1.2787467040220322,-0.7002080134759401,1
0.47234264016825267,0.7288155252362812,1.2447454597110414,0.5283622494715786,-0.39260073655797517,0.2732312961117544,0.41173269183271005,-1.1267722027239946,0.4041165173163618,-0.48693624676523506,-0.6414781780182107,1.2787467040220322,-0.7002080134759401,1
0.47234264016825267,0.7288155252362812,-0.7378063230712658,-1.8926408936295354,-0.39260073655797517,0.2732312961117544,0.41173269183271005,0.041510187108785394,0.7871876354963221,0.12766695468516873,1.5588994828934168,-0.7820157008848647,-0.7002080134759401,1
-2.1171071907541332,-1.3720893221584447,-0.7378063230712658,0.5283622494715786,-0.39260073655797517,0.2732312961117544,0.41173269183271005,-0.8709820458794628,0.15089680729981886,-0.42166865015103283,1.5588994828934168,-0.7820157008848647,-0.7002080134759401,1
0.47234264016825267,0.7288155252362812,2.236021351102195,0.5283622494715786,-0.39260073655797517,0.2732312961117544,0.41173269183271005,2.2135949356469347,-0.9577543818406281,1.0849250383601339,1.5588994828934168,-0.7820157008848647,-0.7002080134759401,1
0.47234264016825267,-1.3720893221584447,-0.7378063230712658,0.5283622494715786,-0.39260073655797517,0.2732312961117544,0.41173269183271005,-0.24003299232961764,-0.07186120049052641,-0.23130482669294317,1.5588994828934168,-0.7820157008848647,-0.7002080134759401,1
0.47234264016825267,0.7288155252362812,0.2534695683198878,0.5283622494715786,2.5471169737663755,-2.5228356340985316,-2.428760260810931,2.2135949356469347,-1.4640177145389206,0.8129767191342915,-0.6414781780182107,-0.7820157008848647,1.4281470373865712,0
0.47234264016825267,0.7288155252362812,-0.7378063230712658,0.5283622494715786,-0.39260073655797517,0.2732312961117544,0.41173269183271005,0.8541224540910736,-0.32573214705540593,0.062399358070966554,1.5588994828934168,-0.7820157008848647,-0.7002080134759401,0
0.47234264016825267,-1.3720893221584447,-0.7378063230712658,0.5283622494715786,2.5471169737663755,2.1372759162519452,0.41173269183271005,2.2135949356469347,0.9604159849511912,1.724003588540864,-0.6414781780182107,-0.7820157008848647,1.4281470373865712,1
0.47234264016825267,-1.3720893221584447,-0.7378063230712658,0.5283622494715786,-0.39260073655797517,0.2732312961117544,0.41173269183271005,-0.7836305773516022,-0.5872771535492283,-0.525009011456853,-0.6414781780182107,-0.7820157008848647,1.4281470373865712,1
0.47234264016825267,-1.3720893221584447,-0.7378063230712658,0.5283622494715786,-0.39260073655797517,0.2732312961117544,0.41173269183271005,-1.209947505425822,0.21579652550582082,-0.5467648769949204,-0.6414781780182107,1.2787467040220322,-0.7002080134759401,1
0.47234264016825267,0.7288155252362812,-0.7378063230712658,0.5283622494715786,2.5471169737663755,-3.4548579441686273,0.41173269183271005,-0.9520692656682735,-1.9136937318558243,-0.5195700450723362,-0.6414781780182107,1.2787467040220322,-0.7002080134759401,1
0.47234264016825267,-1.3720893221584447,-0.7378063230712658,0.5283622494715786,-0.39260073655797517,0.2732312961117544,0.41173269183271005,-0.45232142181963725,-0.34933032708757633,-0.37271795269038127,-0.6414781780182107,1.2787467040220322,-0.7002080134759401,1
0.47234264016825267,0.7288155252362812,2.236021351102195,0.5283622494715786,-0.39260073655797517,0.2732312961117544,0.41173269183271005,1.9333133063018124,0.09242047035556868,0.6498077275987862,-0.6414781780182107,1.2787467040220322,-0.7002080134759401,0
-2.1171071907541332,0.7288155252362812,-0.7378063230712658,0.5283622494715786,-0.39260073655797517,0.2732312961117544,0.41173269183271005,-0.5609017332964997,-0.63771702123606,-0.4706193476116845,1.5588994828934168,-0.7820157008848647,-0.7002080134759401,0
0.47234264016825267,0.7288155252362812,1.2447454597110414,0.5283622494715786,2.5471169737663755,0.2732312961117544,0.41173269183271005,0.21621312416450644,-1.2604487060201077,-0.44886348207361715,-0.6414781780182107,-0.7820157008848647,1.4281470373865712,1
0.47234264016825267,-1.3720893221584447,-0.7378063230712658,0.5283622494715786,-0.39260073655797517,0.2732312961117544,-2.428760260810931,2.2135949356469347,-0.889921592704815,0.3887373411419776,-0.6414781780182107,1.2787467040220322,-0.7002080134759401,0
0.47234264016825267,0.7288155252362812,1.2447454597110414,-1.8926408936295354,-0.39260073655797517,0.2732312961117544,0.41173269183271005,-0.19653126497510542,-0.11078310747394651,-0.22586586030842634,1.5588994828934168,-0.7820157008848647,-0.7002080134759401,0
0.47234264016825267,0.7288155252362812,1.2447454597110414,0.5283622494715786,-0.39260073655797517,0.2732312961117544,0.41173269183271005,0.32374939418486065,0.24001257121362665,0.07871625722451704,1.5588994828934168,-0.7820157008848647,-0.7002080134759401,0
0.47234264016825267,-1.3720893221584447,-0.7378063230712658,0.5283622494715786,-0.39260073655797517,0.2732312961117544,0.41173269183271005,-0.27065820838719423,0.8203027705416495,-0.013746171312269262,-0.6414781780182107,-0.7820157008848647,1.4281470373865712,1
0.47234264016825267,-1.3720893221584447,-0.7378063230712658,0.5283622494715786,2.5471169737663755,-2.5228356340985316,0.41173269183271005,0.26284697588854355,0.14977692882437468,0.976145710669797,-0.6414781780182107,1.2787467040220322,-0.7002080134759401,1
0.47234264016825267,0.7288155252362812,-0.7378063230712658,0.5283622494715786,-0.39260073655797517,0.2732312961117544,0.41173269183271005,-0.5090476742899211,0.218978034792708,-0.2639386250000443,-0.6414781780182107,1.2787467040220322,-0.7002080134759401,1
0.47234264016825267,0.7288155252362812,1.2447454597110414,0.5283622494715786,-0.39260073655797517,-2.5228356340985316,0.41173269183271005,1.9357494030336653,-0.9162421834229617,1.1066809038982017,-0.6414781780182107,-0.7820157008848647,1.4281470373865712,1
-2.1171071907541332,0.7288155252362812,-0.7378063230712658,0.5283622494715786,-0.39260073655797517,0.2732312961117544,0.41173269183271005,0.21621312416450644,-1.0580866655073242,-0.3835958854594149,-0.6414781780182107,1.2787467040220322,-0.7002080134759401,1
-2.1171071907541332,0.7288155252362812,1.2447454597110414,0.5283622494715786,-0.39260073655797517,0.2732312961117544,0.41173269183271005,2.2135949356469347,-2.203207706007149,-0.5467648769949204,-0.6414781780182107,-0.7820157008848647,1.4281470373865712,1
0.47234264016825267,0.7288155252362812,0.2534695683198878,0.5283622494715786,-0.39260073655797517,0.2732312961117544,0.41173269183271005,-1.124684119810978,-1.5806674552441842,-0.7643235323755944,-0.6414781780182107,-0.7820157008848647,1.4281470373865712,1
-2.1171071907541332,-1.3720893221584447,-0.7378063230712658,0.5283622494715786,-0.39260073655797517,0.2732312961117544,0.41173269183271005,1.9040801455195804,-0.5275787159945549,0.29627491260519107,1.5588994828934168,-0.7820157008848647,-0.7002080134759401,0
0.47234264016825267,0.7288155252362812,-0.7378063230712658,0.5283622494715786,-0.39260073655797517,0.2732312961117544,0.41173269183271005,-0.17565043584493956,-0.21935705998421678,-0.24762172584649378,-0.6414781780182107,1.2787467040220322,-0.7002080134759401,1
0.47234264016825267,-1.3720893221584447,-0.7378063230712658,0.5283622494715786,-0.39260073655797517,0.2732312961117544,-2.428760260810931,0.02863367581184978,-0.5836733575301666,-0.2856944905381117,1.5588994828934168,-0.7820157008848647,-0.7002080134759401,0
0.47234264016825267,0.7288155252362812,-0.7378063230712658,0.5283622494715786,2.5471169737663755,0.2732312961117544,0.41173269183271005,0.04603436675365467,0.016923693853379197,-0.10076963346453885,1.5588994828934168,-0.7820157008848647,-0.7002080134759401,1
0.47234264016825267,-1.3720893221584447,-0.7378063230712658,0.5283622494715786,-0.39260073655797517,0.2732312961117544,0.41173269183271005,1.034045598429336,0.3153229705657997,0.39961527391101126,-0.6414781780182107,-0.7820157008848647,1.4281470373865712,0
0.47234264016825267,0.7288155252362812,1.2447454597110414,-1.8926408936295354,-0.39260073655797517,0.2732312961117544,0.41173269183271005,-1.3620295442571966,2.9497345042392817,-0.31288932246069595,1.5588994828934168,-0.7820157008848647,-0.7002080134759401,0
0.47234264016825267,-1.3720893221584447,-0.7378063230712658,0.5283622494715786,-0.39260073655797517,0.2732312961117544,0.41173269183271005,-1.0234120985296735,-0.9782778296156814,-0.6555442046852573,-0.6414781780182107,-0.7820157008848647,1.4281470373865712,1
0.47234264016825267,0.7288155252362812,2.236021351102195,0.5283622494715786,-0.39260073655797517,-2.5228356340985316,-2.428760260810931,2.2135949356469347,-1.020269313752704,5.599267137509118,-0.6414781780182107,1.2787467040220322,-0.7002080134759401,1
0.47234264016825267,0.7288155252362812,0.2534695683198878,0.5283622494715786,-0.39260073655797517,0.2732312961117544,0.41173269183271005,-0.06776615200574929,0.3206733705197751,-0.05725790238840411,1.5588994828934168,-0.7820157008848647,-0.7002080134759401,1
0.47234264016825267,0.7288155252362812,0.2534695683198878,0.5283622494715786,-0.39260073655797517,0.2732312961117544,0.41173269183271005,1.1635067390363645,-0.49091566791718566,0.08959418999355091,-0.6414781780182107,-0.7820157008848647,1.4281470373865712,1
0.47234264016825267,-1.3720893221584447,-0.7378063230712658,0.5283622494715786,-0.39260073655797517,0.2732312961117544,0.41173269183271005,-0.39385510025517284,-0.02016351282127438,-0.27481655776907804,1.5588994828934168,-0.7820157008848647,-0.7002080134759401,1
0.47234264016825267,0.7288155252362812,-0.7378063230712658,0.5283622494715786,-0.39260073655797517,0.2732312961117544,0.41173269183271005,1.39667599765655,0.1268519808077344,0.4594439041406966,-0.6414781780182107,1.2787467040220322,-0.7002080134759401,1
0.47234264016825267,0.7288155252362812,-0.7378063230712658,-1.8926408936295354,-0.39260073655797517,0.2732312961117544,0.41173269183271005,-1.1452169351223078,1.1344475089741581,-0.3944738182284487,-0.6414781780182107,1.2787467040220322,-0.7002080134759401,1
0.47234264016825267,0.7288155252362812,-0.7378063230712658,0.5283622494715786,-0.39260073655797517,0.2732312961117544,0.41173269183271005,0.6049445598044275,1.2400519327359882,0.5682232318310334,-0.6414781780182107,-0.7820157008848647,1.4281470373865712,0
0.47234264016825267,0.7288155252362812,0.2534695683198878,0.5283622494715786,-0.39260073655797517,0.2732312961117544,-2.428760260810931,-0.6353766905274246,0.4388860274108864,-0.2693775913845611,-0.6414781780182107,1.2787467040220322,-0.7002080134759401,0
0.47234264016825267,0.7288155252362812,1.2447454597110414,0.5283622494715786,-0.39260073655797517,0.2732312961117544,0.41173269183271005,-0.20209948607648298,0.4904719679903946,-0.06813583515743776,1.5588994828934168,-0.7820157008848647,-0.7002080134759401,1
0.47234264016825267,0.7288155252362812,-0.7378063230712658,0.5283622494715786,-0.39260073655797517,-2.5228356340985316,0.41173269183271005,1.0886837679866033,-1.819775099665975,-0.11164756623357251,-0.6414781780182107,-0.7820157008848647,1.4281470373865712,1
0.47234264016825267,0.7288155252362812,-0.7378063230712658,0.5283622494715786,-0.39260073655797517,0.2732312961117544,0.41173269183271005,0.236049911838164,0.29926709990513606,0.062399358070966554,1.5588994828934168,-0.7820157008848647,-0.7002080134759401,1
-2.1171071907541332,0.7288155252362812,-0.7378063230712658,0.5283622494715786,-0.39260073655797517,0.2732312961117544,0.41173269183271005,-0.5609017332964997,0.06452297272320494,-0.31832828884521275,1.5588994828934168,-0.7820157008848647,-0.7002080134759401,0
0.47234264016825267,0.7288155252362812,-0.7378063230712658,0.5283622494715786,-0.39260073655797517,0.2732312961117544,0.41173269183271005,-0.14711330270037956,-0.17557500857943262,-0.22586586030842634,1.5588994828934168,-0.7820157008848647,-0.7002080134759401,1
0.47234264016825267,-1.3720893221584447,-0.7378063230712658,0.5283622494715786,-0.39260073655797517,2.1372759162519452,-2.428760260810931,-1.377342152285985,0.492631954288671,-0.6705013622426786,-0.6414781780182107,1.2787467040220322,-0.7002080134759401,0
0.47234264016825267,0.7288155252362812,1.2447454597110414,0.5283622494715786,-0.39260073655797517,0.2732312961117544,0.41173269183271005,0.6282614856664461,0.12910397216767325,0.1603007529922699,-0.6414781780182107,1.2787467040220322,-0.7002080134759401,1
0.47234264016825267,0.7288155252362812,-0.7378063230712658,-1.8926408936295354,-0.39260073655797517,0.2732312961117544,0.41173269183271005,-0.9068274692195808,0.298041599859064,-0.4107907173819992,1.5588994828934168,-0.7820157008848647,-0.7002080134759401,1
0.47234264016825267,0.7288155252362812,2.236021351102195,0.5283622494715786,-0.39260073655797517,-0.6587910139583409,0.41173269183271005,2.2135949356469347,-1.1900613427409479,3.641239239083053,-0.6414781780182107,-0.7820157008848647,1.4281470373865712,1
0.47234264016825267,0.7288155252362812,2.236021351102195,-1.8926408936295354,-0.39260073655797517,-2.5228356340985316,0.41173269183271005,-0.9301443950815994,-0.10097511784635035,-0.04637996961937035,1.5588994828934168,-0.7820157008848647,-0.7002080134759401,0
0.47234264016825267,0.7288155252362812,-0.7378063230712658,0.5283622494715786,-0.39260073655797517,0.2732312961117544,0.41173269183271005,1.7881915438471598,-0.8478441772861103,0.08959418999355091,-0.6414781780182107,1.2787467040220322,-0.7002080134759401,1
0.47234264016825267,0.7288155252362812,-0.7378063230712658,-1.8926408936295354,2.5471169737663755,0.2732312961117544,0.41173269183271005,-0.3879388653349592,-0.7759483035115481,-0.45430244845813395,-0.6414781780182107,1.2787467040220322,-0.7002080134759401,0
0.47234264016825267,0.7288155252362812,-0.7378063230712658,0.5283622494715786,-0.39260073655797517,0.2732312961117544,0.41173269183271005,-0.2553456003584059,-0.3029006315140948,-0.29657242330714534,1.5588994828934168,-0.7820157008848647,-0.7002080134759401,1
0.47234264016825267,0.7288155252362812,1.2447454597110414,0.5283622494715786,-0.39260073655797517,0.2732312961117544,0.41173269183271005,-0.8807264328068735,0.42398699801534057,-0.37815691907489807,1.5588994828934168,-0.7820157008848647,-0.7002080134759401,1
0.47234264016825267,0.7288155252362812,2.236021351102195,0.5283622494715786,-0.39260073655797517,0.2732312961117544,-2.428760260810931,2.2135949356469347,0.6390139549364693,1.7647958364247402,-0.6414781780182107,1.2787467040220322,-0.7002080134759401,0
0.47234264016825267,0.7288155252362812,0.2534695683198878,0.5283622494715786,-0.39260073655797517,0.2732312961117544,0.41173269183271005,-0.8507972443869691,0.8110910303011557,-0.29657242330714534,-0.6414781780182107,1.2787467040220322,-0.7002080134759401,1
0.47234264016825267,-1.3720893221584447,-0.7378063230712658,-1.8926408936295354,-0.39260073655797517,2.1372759162519452,-2.428760260810931,-0.8389647745465418,0.3538841330247905,-0.5114115954955609,-0.6414781780182107,-0.7820157008848647,1.4281470373865712,0
0.47234264016825267,0.7288155252362812,0.2534695683198878,0.5283622494715786,-0.39260073655797517,0.2732312961117544,-2.428760260810931,2.2135949356469347,-1.2287230820862356,0.0515214253019329,-0.6414781780182107,-0.7820157008848647,1.4281470373865712,0
0.47234264016825267,-1.3720893221584447,-0.7378063230712658,0.5283622494715786,-0.39260073655797517,0.2732312961117544,0.41173269183271005,0.27293937663479034,-1.64097091717683,-0.5630817761484709,1.5588994828934168,-0.7820157008848647,-0.7002080134759401,0
0.47234264016825267,0.7288155252362812,-0.7378063230712658,0.5283622494715786,-0.39260073655797517,-2.5228356340985316,0.41173269183271005,-0.5549854983762861,-0.9203631666307978,-0.13340343177163994,-0.6414781780182107,1.2787467040220322,-0.7002080134759401,1
0.47234264016825267,0.7288155252362812,0.2534695683198878,0.5283622494715786,-0.39260073655797517,0.2732312961117544,0.41173269183271005,2.2135949356469347,-1.8614722172328675,0.48663873606328073,-0.6414781780182107,1.2787467040220322,-0.7002080134759401,0
-2.1171071907541332,0.7288155252362812,-0.7378063230712658,0.5283622494715786,-0.39260073655797517,0.2732312961117544,0.41173269183271005,-0.8942989717414813,0.6800311384630281,-0.34008415438328016,-0.6414781780182107,1.2787467040220322,-0.7002080134759401,1
0.47234264016825267,0.7288155252362812,-0.7378063230712658,0.5283622494715786,2.5471169737663755,0.2732312961117544,0.41173269183271005,2.2135949356469347,-2.4302242623490797,-0.27481655776907804,-0.6414781780182107,1.2787467040220322,-0.7002080134759401,1
0.47234264016825267,0.7288155252362812,0.2534695683198878,0.5283622494715786,2.5471169737663755,-0.6587910139583409,-2.428760260810931,-1.3978749675973148,0.7386429669243608,-0.4967263862573653,1.5588994828934168,-0.7820157008848647,-0.7002080134759401,0
0.47234264016825267,0.7288155252362812,-0.7378063230712658,0.5283622494715786,-0.39260073655797517,0.2732312961117544,0.41173269183271005,-0.5824785900643378,-1.2698484026597197,-0.6120324736091225,1.5588994828934168,-0.7820157008848647,-0.7002080134759401,1
0.47234264016825267,0.7288155252362812,-0.7378063230712658,0.5283622494715786,2.5471169737663755,0.2732312961117544,0.41173269183271005,-0.07820656657083222,0.49010158212766414,-0.013746171312269262,1.5588994828934168,-0.7820157008848647,-0.7002080134759401,1
0.47234264016825267,0.7288155252362812,-0.7378063230712658,0.5283622494715786,-0.39260073655797517,-2.5228356340985316,0.41173269183271005,1.090423837080784,-0.42786023058843764,1.1175588366672353,1.5588994828934168,-0.7820157008848647,-0.7002080134759401,1
0.47234264016825267,-1.3720893221584447,-0.7378063230712658,-1.8926408936295354,-0.39260073655797517,0.2732312961117544,0.41173269183271005,-0.4558015600079982,-1.6150206934842675,-0.666422137454291,1.5588994828934168,-0.7820157008848647,-0.7002080134759401,1
0.47234264016825267,-1.3720893221584447,-0.7378063230712658,0.5283622494715786,-0.39260073655797517,0.2732312961117544,0.41173269183271005,2.020316761010837,-1.1735679366266194,-0.035502036850336684,-0.6414781780182107,1.2787467040220322,-0.7002080134759401,0
0.47234264016825267,0.7288155252362812,-0.7378063230712658,-1.8926408936295354,-0.39260073655797517,0.2732312961117544,0.41173269183271005,-0.05628169598415806,0.30390747588527983,-0.05725790238840411,-0.6414781780182107,-0.7820157008848647,1.4281470373865712,0
0.47234264016825267,-1.3720893221584447,-0.7378063230712658,0.5283622494715786,-0.39260073655797517,0.2732312961117544,0.41173269183271005,-0.8132117519526706,-0.4801641765571299,-0.5141310786878194,-0.6414781780182107,1.2787467040220322,-0.7002080134759401,1
0.47234264016825267,-1.3720893221584447,-0.7378063230712658,0.5283622494715786,-0.39260073655797517,0.2732312961117544,0.41173269183271005,-0.69732315028025,0.5466621811742229,-0.27481655776907804,1.5588994828934168,-0.7820157008848647,-0.7002080134759401,1
0.47234264016825267,0.7288155252362812,0.2534695683198878,0.5283622494715786,-0.39260073655797517,0.2732312961117544,0.41173269183271005,-0.16938618710588982,0.6788423647758419,-0.002868238543235605,-0.6414781780182107,1.2787467040220322,-0.7002080134759401,0
0.47234264016825267,-1.3720893221584447,-0.7378063230712658,0.5283622494715786,-0.39260073655797517,0.2732312961117544,0.41173269183271005,2.049201907974233,-0.9655669795182387,0.08959418999355091,1.5588994828934168,-0.7820157008848647,-0.7002080134759401,1
-2.1171071907541332,-1.3720893221584447,-0.7378063230712658,-1.8926408936295354,-0.39260073655797517,0.2732312961117544,0.41173269183271005,-0.6691340309545261,0.48426072192156966,-0.27481655776907804,-0.6414781780182107,-0.7820157008848647,1.4281470373865712,1
-2.1171071907541332,0.7288155252362812,-0.7378063230712658,0.5283622494715786,-0.39260073655797517,0.2732312961117544,0.41173269183271005,0.012973053964225384,-0.6602898259199353,-0.31288932246069595,-0.6414781780182107,1.2787467040220322,-0.7002080134759401,1
0.47234264016825267,-1.3720893221584447,-0.7378063230712658,0.5283622494715786,2.5471169737663755,0.2732312961117544,0.41173269183271005,1.6723029421747393,-1.8771500905743388,-0.47605831399620135,-0.6414781780182107,-0.7820157008848647,1.4281470373865712,0
0.47234264016825267,0.7288155252362812,0.2534695683198878,-1.8926408936295354,-0.39260073655797517,0.2732312961117544,0.41173269183271005,-0.3809785889582372,-0.7160551382092468,-0.43798554930458344,-0.6414781780182107,1.2787467040220322,-0.7002080134759401,1
0.47234264016825267,-1.3720893221584447,1.2447454597110414,0.5283622494715786,-0.39260073655797517,0.2732312961117544,-2.428760260810931,-0.4425770348922265,1.1313119458744334,-0.02462410408130292,-0.6414781780182107,1.2787467040220322,-0.7002080134759401,1
0.47234264016825267,0.7288155252362812,2.236021351102195,-1.8926408936295354,-0.39260073655797517,-2.5228356340985316,0.41173269183271005,-0.7665779002286335,0.9410664521570423,0.46488287052521343,-0.6414781780182107,-0.7820157008848647,1.4281470373865712,0
0.47234264016825267,0.7288155252362812,0.2534695683198878,-1.8926408936295354,-0.39260073655797517,0.2732312961117544,0.41173269183271005,-0.5609017332964997,0.6413629677611725,-0.19323206200132526,-0.6414781780182107,-0.7820157008848647,1.4281470373865712,1
0.47234264016825267,0.7288155252362812,1.2447454597110414,-1.8926408936295354,-0.39260073655797517,0.2732312961117544,0.41173269183271005,-0.7926789366413408,0.8942567005870334,-0.2530606922310106,-0.6414781780182107,1.2787467040220322,-0.7002080134759401,1
-2.1171071907541332,-1.3720893221584447,-0.7378063230712658,-1.8926408936295354,-0.39260073655797517,0.2732312961117544,0.41173269183271005,-0.6218041515928168,0.38464572859016827,-0.27481655776907804,-0.6414781780182107,1.2787467040220322,-0.7002080134759401,1
-2.1171071907541332,-1.3720893221584447,-0.7378063230712658,0.5283622494715786,-0.39260073655797517,0.2732312961117544,0.41173269183271005,-1.0268922367180346,0.09012869383463144,-0.4923752131497519,-0.6414781780182107,-0.7820157008848647,1.4281470373865712,1
0.47234264016825267,-1.3720893221584447,-0.7378063230712658,-1.8926408936295354,-0.39260073655797517,0.2732312961117544,0.41173269183271005,0.10832884032531616,-1.7727508448569593,-0.6283493727626731,1.5588994828934168,-0.7820157008848647,-0.7002080134759401,1
0.47234264016825267,-1.3720893221584447,-0.7378063230712658,0.5283622494715786,-0.39260073655797517,0.2732312961117544,0.41173269183271005,-1.2931228081276493,-0.008835267872061462,-0.6065935072246057,-0.6414781780182107,-0.7820157008848647,1.4281470373865712,1
0.47234264016825267,-1.3720893221584447,-0.7378063230712658,0.5283622494715786,-0.39260073655797517,0.2732312961117544,0.41173269183271005,-0.9663378322405536,1.5263611696275616,-0.23674379307746,-0.6414781780182107,1.2787467040220322,-0.7002080134759401,0
-2.1171071907541332,-1.3720893221584447,-0.7378063230712658,0.5283622494715786,-0.39260073655797517,0.2732312961117544,0.41173269183271005,1.3242891233386416,-0.28468592827286704,0.23644628237550572,-0.6414781780182107,1.2787467040220322,-0.7002080134759401,0
0.47234264016825267,0.7288155252362812,2.236021351102195,0.5283622494715786,-0.39260073655797517,0.2732312961117544,-2.428760260810931,-0.5271443928693983,0.3992659442026885,-0.23130482669294317,-0.6414781780182107,1.2787467040220322,-0.7002080134759401,0
0.47234264016825267,0.7288155252362812,0.2534695683198878,0.5283622494715786,2.5471169737663755,0.2732312961117544,0.41173269183271005,0.5541345422543573,0.7981330961159726,0.3778594083729437,-0.6414781780182107,-0.7820157008848647,1.4281470373865712,1
0.47234264016825267,0.7288155252362812,2.236021351102195,-1.8926408936295354,2.5471169737663755,0.2732312961117544,0.41173269183271005,-0.1711262562000703,-0.12434002407406075,-0.22042689392390952,1.5588994828934168,-0.7820157008848647,-0.7002080134759401,1
0.47234264016825267,0.7288155252362812,-0.7378063230712658,0.5283622494715786,-0.39260073655797517,0.2732312961117544,0.41173269183271005,-0.00025147115154632905,-0.2021372703817315,-0.1823541292322916,-0.6414781780182107,-0.7820157008848647,1.4281470373865712,1
0.47234264016825267,0.7288155252362812,2.236021351102195,-1.8926408936295354,-0.39260073655797517,0.2732312961117544,0.41173269183271005,-0.4738982785874753,-0.36617010861227983,-0.3835958854594149,-0.6414781780182107,1.2787467040220322,-0.7002080134759401,1
0.47234264016825267,0.7288155252362812,-0.7378063230712658,0.5283622494715786,-0.39260073655797517,0.2732312961117544,0.41173269183271005,-1.477222118291945,5.213061082281146,-0.19323206200132526,1.5588994828934168,-0.7820157008848647,-0.7002080134759401,0
0.47234264016825267,0.7288155252362812,-0.7378063230712658,0.5283622494715786,-0.39260073655797517,0.2732312961117544,0.41173269183271005,-0.24107703378612594,-0.007731312369542662,-0.2149879275393927,-0.6414781780182107,1.2787467040220322,-0.7002080134759401,1
0.47234264016825267,0.7288155252362812,1.2447454597110414,0.5283622494715786,-0.39260073655797517,0.2732312961117544,-2.428760260810931,-0.415779970841847,-1.0892774013516946,-0.5358869442258867,-0.6414781780182107,1.2787467040220322,-0.7002080134759401,0
-2.1171071907541332,0.7288155252362812,1.2447454597110414,0.5283622494715786,-0.39260073655797517,0.2732312961117544,0.41173269183271005,0.16401105133909177,-0.5545797942284418,-0.23674379307746,-0.6414781780182107,1.2787467040220322,-0.7002080134759401,1
0.47234264016825267,0.7288155252362812,-0.7378063230712658,0.5283622494715786,-0.39260073655797517,0.2732312961117544,-2.428760260810931,-1.3829103733873624,0.36069507283196567,-0.6011545408400888,-0.6414781780182107,-0.7820157008848647,1.4281470373865712,0
0.47234264016825267,0.7288155252362812,1.2447454597110414,0.5283622494715786,-0.39260073655797517,0.2732312961117544,0.41173269183271005,-0.16312193836684005,-0.41589524179595583,-0.29657242330714534,-0.6414781780182107,1.2787467040220322,-0.7002080134759401,1
0.47234264016825267,-1.3720893221584447,-0.7378063230712658,0.5283622494715786,-0.39260073655797517,0.2732312961117544,0.41173269183271005,-0.15059344088874055,0.12810656120783936,-0.14428136454067358,-0.6414781780182107,1.2787467040220322,-0.7002080134759401,1
0.47234264016825267,0.7288155252362812,-0.7378063230712658,0.5283622494715786,-0.39260073655797517,0.2732312961117544,0.41173269183271005,0.8328936111420716,-0.4022401206067875,0.024326593379348647,-0.6414781780182107,1.2787467040220322,-0.7002080134759401,1
0.47234264016825267,0.7288155252362812,-0.7378063230712658,0.5283622494715786,-0.39260073655797517,0.2732312961117544,0.41173269183271005,0.01923730270327514,-0.3904322361632269,-0.23130482669294317,-0.6414781780182107,1.2787467040220322,-0.7002080134759401,1
0.47234264016825267,0.7288155252362812,-0.7378063230712658,0.5283622494715786,-0.39260073655797517,0.2732312961117544,0.41173269183271005,-1.0248041538050179,3.2678948836290336,-0.002868238543235605,1.5588994828934168,-0.7820157008848647,-0.7002080134759401,0
0.47234264016825267,0.7288155252362812,-0.7378063230712658,-1.8926408936295354,2.5471169737663755,0.2732312961117544,0.41173269183271005,-0.5080036328334129,0.6054988329060045,-0.17691516284777467,-0.6414781780182107,-0.7820157008848647,1.4281470373865712,0
0.47234264016825267,0.7288155252362812,1.2447454597110414,0.5283622494715786,-0.39260073655797517,0.2732312961117544,0.41173269183271005,0.6091207256304607,0.2936679927785096,0.21469041683743842,-0.6414781780182107,1.2787467040220322,-0.7002080134759401,1
0.47234264016825267,0.7288155252362812,-0.7378063230712658,0.5283622494715786,-0.39260073655797517,2.1372759162519452,0.41173269183271005,-0.49999931500018263,1.072456431896497,-0.28297500734585324,-0.6414781780182107,1.2787467040220322,-0.7002080134759401,1
0.47234264016825267,-1.3720893221584447,-0.7378063230712658,0.5283622494715786,2.5471169737663755,0.2732312961117544,0.41173269183271005,0.0714393755286898,0.847489215988055,0.1603007529922699,1.5588994828934168,-0.7820157008848647,-0.7002080134759401,1
0.47234264016825267,0.7288155252362812,0.2534695683198878,0.5283622494715786,-0.39260073655797517,0.2732312961117544,0.41173269183271005,-0.5741262584122714,-0.11430928976486565,-0.3618400199213476,-0.6414781780182107,1.2787467040220322,-0.7002080134759401,1
0.47234264016825267,0.7288155252362812,-0.7378063230712658,0.5283622494715786,-0.39260073655797517,-2.5228356340985316,0.41173269183271005,-0.8626297142273964,-1.4453119120285567,-0.4706193476116845,1.5588994828934168,-0.7820157008848647,-0.7002080134759401,1
0.47234264016825267,-1.3720893221584447,-0.7378063230712658,-1.8926408936295354,-0.39260073655797517,0.2732312961117544,0.41173269183271005,-0.1418930954178381,-0.3609919225278285,-0.27481655776907804,1.5588994828934168,-0.7820157008848647,-0.7002080134759401,1
-2.1171071907541332,-1.3720893221584447,-0.7378063230712658,0.5283622494715786,-0.39260073655797517,0.2732312961117544,0.41173269183271005,0.7441500873388667,1.1177565554068596,0.5954180637536177,-0.6414781780182107,1.2787467040220322,-0.7002080134759401,1
0.47234264016825267,0.7288155252362812,0.2534695683198878,0.5283622494715786,-0.39260073655797517,0.2732312961117544,0.41173269183271005,-0.43874888288502945,0.5169795882068902,-0.16603723007874102,-0.6414781780182107,1.2787467040220322,-0.7002080134759401,1
0.47234264016825267,0.7288155252362812,0.2534695683198878,0.5283622494715786,-0.39260073655797517,0.2732312961117544,0.41173269183271005,0.19672435030968496,0.1461071732048419,-0.002868238543235605,1.5588994828934168,-0.7820157008848647,-0.7002080134759401,1
0.47234264016825267,0.7288155252362812,-0.7378063230712658,0.5283622494715786,-0.39260073655797517,0.2732312961117544,0.41173269183271005,-0.1561616619901181,2.356523308036786,0.4594439041406966,-0.6414781780182107,-0.7820157008848647,1.4281470373865712,0
-2.1171071907541332,-1.3720893221584447,-0.7378063230712658,0.5283622494715786,2.5471169737663755,0.2732312961117544,0.41173269183271005,-0.9506772103929292,1.3049074841439727,-0.2639386250000443,-0.6414781780182107,-0.7820157008848647,1.4281470373865712,1
-2.1171071907541332,-1.3720893221584447,0.2534695683198878,0.5283622494715786,-0.39260073655797517,0.2732312961117544,0.41173269183271005,-0.8292203876191311,0.6326520759158526,-0.31832828884521275,1.5588994828934168,-0.7820157008848647,-0.7002080134759401,1
0.47234264016825267,0.7288155252362812,0.2534695683198878,0.5283622494715786,-0.39260073655797517,0.2732312961117544,0.41173269183271005,-1.0021832555806716,0.5841896469860147,-0.40535175099748233,-0.6414781780182107,1.2787467040220322,-0.7002080134759401,1
0.47234264016825267,0.7288155252362812,1.2447454597110414,0.5283622494715786,-0.39260073655797517,0.2732312961117544,0.41173269183271005,1.6093124409654056,-1.46955053658725,-0.27481655776907804,1.5588994828934168,-0.7820157008848647,-0.7002080134759401,1
0.47234264016825267,0.7288155252362812,0.2534695683198878,-1.8926408936295354,-0.39260073655797517,-2.5228356340985316,0.41173269183271005,-0.5922229769917485,0.8370963736002685,0.5954180637536177,-0.6414781780182107,-0.7820157008848647,1.4281470373865712,0
0.47234264016825267,-1.3720893221584447,-0.7378063230712658,0.5283622494715786,-0.39260073655797517,-4.386880254238722,0.41173269183271005,0.8600386890112872,-0.6885918557857362,4.130746213689569,-0.6414781780182107,-0.7820157008848647,1.4281470373865712,1
0.47234264016825267,0.7288155252362812,1.2447454597110414,0.5283622494715786,2.5471169737663755,0.2732312961117544,0.41173269183271005,0.4716552671902022,-1.1002387232176691,-0.34008415438328016,1.5588994828934168,-0.7820157008848647,-0.7002080134759401,1
0.47234264016825267,0.7288155252362812,-0.7378063230712658,-1.8926408936295354,-0.39260073655797517,0.2732312961117544,0.41173269183271005,0.5666630397324568,-0.9372247318131879,-0.25849965861552743,-0.6414781780182107,1.2787467040220322,-0.7002080134759401,1
0.47234264016825267,-1.3720893221584447,-0.7378063230712658,0.5283622494715786,2.5471169737663755,-2.5228356340985316,0.41173269183271005,1.4575784159528669,-1.4160158645843994,0.3778594083729437,-0.6414781780182107,-0.7820157008848647,1.4281470373865712,0
0.47234264016825267,0.7288155252362812,1.2447454597110414,0.5283622494715786,-0.39260073655797517,0.2732312961117544,0.41173269183271005,1.2209290191443205,-1.4176861457232286,-0.31832828884521275,-0.6414781780182107,-0.7820157008848647,1.4281470373865712,1
0.47234264016825267,0.7288155252362812,0.2534695683198878,-1.8926408936295354,-0.39260073655797517,-2.5228356340985316,0.41173269183271005,0.14382624984659811,-0.3614157342665827,0.5627842654465165,-0.6414781780182107,-0.7820157008848647,1.4281470373865712,1
0.47234264016825267,0.7288155252362812,0.2534695683198878,0.5283622494715786,-0.39260073655797517,2.1372759162519452,0.41173269183271005,-0.5114837710217739,0.24769455209992652,-0.42574787493942057,-0.6414781780182107,1.2787467040220322,-0.7002080134759401,1
0.47234264016825267,0.7288155252362812,-0.7378063230712658,0.5283622494715786,-0.39260073655797517,0.2732312961117544,0.41173269183271005,-0.8762022531620043,0.06892919514926726,-0.43798554930458344,-0.6414781780182107,-0.7820157008848647,1.4281470373865712,1
0.47234264016825267,0.7288155252362812,-0.7378063230712658,-1.8926408936295354,-0.39260073655797517,0.2732312961117544,-2.428760260810931,-0.22158825993130446,1.4123225221224684,0.16573971937678675,-0.6414781780182107,1.2787467040220322,-0.7002080134759401,0
-2.1171071907541332,-1.3720893221584447,1.2447454597110414,0.5283622494715786,-0.39260073655797517,0.2732312961117544,0.41173269183271005,-0.9632057078710287,1.8840853731785387,-0.17691516284777467,-0.6414781780182107,-0.7820157008848647,1.4281470373865712,0
0.47234264016825267,-1.3720893221584447,-0.7378063230712658,-1.8926408936295354,2.5471169737663755,0.2732312961117544,0.41173269183271005,-0.5027834255508714,-0.2278200647620326,-0.3618400199213476,1.5588994828934168,-0.7820157008848647,-0.7002080134759401,1
0.47234264016825267,0.7288155252362812,0.2534695683198878,-1.8926408936295354,-0.39260073655797517,-2.5228356340985316,0.41173269183271005,1.2414618344556503,0.5406190595927476,2.1074507186493014,-0.6414781780182107,1.2787467040220322,-0.7002080134759401,1
0.47234264016825267,-1.3720893221584447,-0.7378063230712658,0.5283622494715786,2.5471169737663755,0.2732312961117544,-2.428760260810931,2.2135949356469347,-1.386357329873108,0.11678902191613506,-0.6414781780182107,-0.7820157008848647,1.4281470373865712,0
-2.1171071907541332,-1.3720893221584447,2.236021351102195,0.5283622494715786,-0.39260073655797517,0.2732312961117544,0.41173269183271005,-1.0829224615506463,6.762574981275242,0.4594439041406966,1.5588994828934168,-0.7820157008848647,-0.7002080134759401,1
0.47234264016825267,-1.3720893221584447,-0.7378063230712658,-1.8926408936295354,-0.39260073655797517,0.2732312961117544,-2.428760260810931,-0.052105530158124885,-0.5577887837102108,-0.30201138969166225,1.5588994828934168,-0.7820157008848647,-0.7002080134759401,0
0.47234264016825267,0.7288155252362812,2.236021351102195,0.5283622494715786,-0.39260073655797517,0.2732312961117544,0.41173269183271005,-0.32877651613282255,-0.6864343236741317,-0.416229683766516,-0.6414781780182107,-0.7820157008848647,1.4281470373865712,0
0.47234264016825267,0.7288155252362812,-0.7378063230712658,0.5283622494715786,-0.39260073655797517,0.2732312961117544,0.41173269183271005,2.2135949356469347,-0.6624338892829914,0.7259532569820221,1.5588994828934168,-0.7820157008848647,-0.7002080134759401,0
0.47234264016825267,0.7288155252362812,2.236021351102195,-1.8926408936295354,-0.39260073655797517,0.2732312961117544,0.41173269183271005,-0.4397929243415377,0.23924374996694495,-0.23130482669294317,-0.6414781780182107,1.2787467040220322,-0.7002080134759401,0
0.47234264016825267,0.7288155252362812,0.2534695683198878,0.5283622494715786,-0.39260073655797517,0.2732312961117544,0.41173269183271005,1.4401777250110621,0.9263982696739288,0.86736638297946,-0.6414781780182107,-0.7820157008848647,1.4281470373865712,1
0.47234264016825267,-1.3720893221584447,-0.7378063230712658,0.5283622494715786,-0.39260073655797517,0.2732312961117544,0.41173269183271005,-0.6701780724110344,0.8634757697858852,-0.19867102838584208,-0.6414781780182107,1.2787467040220322,-0.7002080134759401,1
-2.1171071907541332,-1.3720893221584447,0.2534695683198878,0.5283622494715786,-0.39260073655797517,-4.759689178266761,0.41173269183271005,-0.9444129616538793,2.3736193159741865,7.502905372090014,-0.6414781780182107,1.2787467040220322,-0.7002080134759401,0
-2.1171071907541332,-1.3720893221584447,-0.7378063230712658,0.5283622494715786,-0.39260073655797517,0.2732312961117544,0.41173269183271005,0.34985043059756793,-0.8287430195928361,-0.27481655776907804,1.5588994828934168,-0.7820157008848647,-0.7002080134759401,1
0.47234264016825267,-1.3720893221584447,-0.7378063230712658,0.5283622494715786,2.5471169737663755,0.2732312961117544,0.41173269183271005,-0.35800967691505475,0.10351688644120188,-0.23130482669294317,-0.6414781780182107,1.2787467040220322,-0.7002080134759401,1
0.47234264016825267,-1.3720893221584447,-0.7378063230712658,0.5283622494715786,-0.39260073655797517,0.2732312961117544,0.41173269183271005,0.4688711566395134,-0.44316578981493815,-0.10620859984905567,1.5588994828934168,-0.7820157008848647,-0.7002080134759401,1
0.47234264016825267,0.7288155252362812,1.2447454597110414,0.5283622494715786,-0.39260073655797517,0.2732312961117544,0.41173269183271005,-0.034704839216320005,0.08431539256935554,-0.11164756623357251,-0.6414781780182107,1.2787467040220322,-0.7002080134759401,1
0.47234264016825267,0.7288155252362812,2.236021351102195,0.5283622494715786,-0.39260073655797517,0.2732312961117544,-2.428760260810931,-0.017652162093351215,0.24883484613773688,-0.05725790238840411,-0.6414781780182107,-0.7820157008848647,1.4281470373865712,1
-2.1171071907541332,-1.3720893221584447,-0.7378063230712658,0.5283622494715786,-0.39260073655797517,0.2732312961117544,0.41173269183271005,-0.9663378322405536,1.7953878261782017,-0.19323206200132526,1.5588994828934168,-0.7820157008848647,-0.7002080134759401,0
-2.1171071907541332,-1.3720893221584447,0.2534695683198878,0.5283622494715786,-0.39260073655797517,0.2732312961117544,0.41173269183271005,-0.6120597646654061,-0.4124380150585122,-0.43798554930458344,-0.6414781780182107,-0.7820157008848647,1.4281470373865712,1
-2.1171071907541332,-1.3720893221584447,-0.7378063230712658,0.5283622494715786,-0.39260073655797517,0.2732312961117544,0.41173269183271005,-1.0293283334498873,-1.679176215243038,-0.7643235323755944,-0.6414781780182107,-0.7820157008848647,1.4281470373865712,1
0.47234264016825267,0.7288155252362812,-0.7378063230712658,0.5283622494715786,-0.39260073655797517,0.2732312961117544,0.41173269183271005,1.7231129597248094,-1.3419551346828917,-0.18779309561680843,-0.6414781780182107,-0.7820157008848647,1.4281470373865712,1
0.47234264016825267,-1.3720893221584447,-0.7378063230712658,0.5283622494715786,-0.39260073655797517,0.2732312961117544,0.41173269183271005,-0.5236642546810373,0.3435473285319662,-0.24218275946197693,1.5588994828934168,-0.7820157008848647,-0.7002080134759401,1
0.47234264016825267,0.7288155252362812,-0.7378063230712658,0.5283622494715786,-0.39260073655797517,0.2732312961117544,0.41173269183271005,-0.47041814039911434,0.8155972425374288,-0.11164756623357251,-0.6414781780182107,1.2787467040220322,-0.7002080134759401,1
0.47234264016825267,0.7288155252362812,1.2447454597110414,0.5283622494715786,-0.39260073655797517,0.2732312961117544,0.41173269183271005,-0.7985951715615545,-0.09193764131552119,-0.43798554930458344,-0.6414781780182107,1.2787467040220322,-0.7002080134759401,1
0.47234264016825267,0.7288155252362812,0.2534695683198878,0.5283622494715786,-0.39260073655797517,0.2732312961117544,0.41173269183271005,-0.5577696089269748,0.13411014111415648,-0.30201138969166225,-0.6414781780182107,1.2787467040220322,-0.7002080134759401,1
0.47234264016825267,0.7288155252362812,-0.7378063230712658,0.5283622494715786,-0.39260073655797517,0.2732312961117544,0.41173269183271005,0.3731673564595865,0.5296677547409755,0.19837351768388772,-0.6414781780182107,1.2787467040220322,-0.7002080134759401,1
0.47234264016825267,0.7288155252362812,-0.7378063230712658,0.5283622494715786,-0.39260073655797517,0.2732312961117544,0.41173269183271005,-0.6235442206869973,-0.6560129465840137,-0.4923752131497519,-0.6414781780182107,-0.7820157008848647,1.4281470373865712,1
0.47234264016825267,0.7288155252362812,-0.7378063230712658,0.5283622494715786,-0.39260073655797517,0.2732312961117544,0.41173269183271005,2.2135949356469347,0.6920681473291161,1.443896819738246,-0.6414781780182107,1.2787467040220322,-0.7002080134759401,1
-2.1171071907541332,0.7288155252362812,-0.7378063230712658,-1.8926408936295354,-0.39260073655797517,0.2732312961117544,0.41173269183271005,-0.7289924077943349,0.7318467133242861,-0.2530606922310106,1.5588994828934168,-0.7820157008848647,-0.7002080134759401,1
0.47234264016825267,-1.3720893221584447,0.2534695683198878,-1.8926408936295354,2.5471169737663755,0.2732312961117544,-2.428760260810931,0.09893246721674151,0.05858490825815573,-0.06813583515743776,-0.6414781780182107,-0.7820157008848647,1.4281470373865712,0
0.47234264016825267,0.7288155252362812,-0.7378063230712658,0.5283622494715786,-0.39260073655797517,0.2732312961117544,0.41173269183271005,-0.5107877433841016,-0.02104720635877852,-0.31832828884521275,-0.6414781780182107,1.2787467040220322,-0.7002080134759401,1
0.47234264016825267,0.7288155252362812,1.2447454597110414,0.5283622494715786,-0.39260073655797517,-2.5228356340985316,0.41173269183271005,-1.0119972495176182,-0.01672376344108231,-0.07901376792647143,-0.6414781780182107,-0.7820157008848647,1.4281470373865712,1
-2.1171071907541332,-1.3720893221584447,-0.7378063230712658,0.5283622494715786,-0.39260073655797517,0.2732312961117544,0.41173269183271005,-0.9458050169292238,-0.9593209528958219,-0.63378833914719,-0.6414781780182107,-0.7820157008848647,1.4281470373865712,1
0.47234264016825267,0.7288155252362812,-0.7378063230712658,0.5283622494715786,-0.39260073655797517,0.2732312961117544,0.41173269183271005,2.2135949356469347,-2.0325518822234776,-0.23130482669294317,1.5588994828934168,-0.7820157008848647,-0.7002080134759401,0
0.47234264016825267,-1.3720893221584447,-0.7378063230712658,0.5283622494715786,-0.39260073655797517,0.2732312961117544,0.41173269183271005,0.005664763768667332,-1.0973904933727117,-0.44342451568910024,1.5588994828934168,-0.7820157008848647,-0.7002080134759401,1
-2.1171071907541332,-1.3720893221584447,-0.7378063230712658,0.5283622494715786,2.5471169737663755,-0.6587910139583409,0.41173269183271005,-0.6534734091069017,-0.10852728291120256,-0.2813433174304982,-0.6414781780182107,1.2787467040220322,-0.7002080134759401,0
0.47234264016825267,0.7288155252362812,-0.7378063230712658,0.5283622494715786,-0.39260073655797517,0.2732312961117544,0.41173269183271005,-0.1707782423812342,-0.32630995519111045,-0.27481655776907804,1.5588994828934168,-0.7820157008848647,-0.7002080134759401,1
-2.1171071907541332,-1.3720893221584447,-0.7378063230712658,0.5283622494715786,-0.39260073655797517,0.2732312961117544,0.41173269183271005,-0.7206400761422685,0.46077359007116664,-0.30201138969166225,-0.6414781780182107,1.2787467040220322,-0.7002080134759401,1
0.47234264016825267,-1.3720893221584447,-0.7378063230712658,0.5283622494715786,-0.39260073655797517,0.2732312961117544,0.41173269183271005,1.1530663244712815,-0.4838052724548487,0.08959418999355091,1.5588994828934168,-0.7820157008848647,-0.7002080134759401,1
0.47234264016825267,0.7288155252362812,-0.7378063230712658,0.5283622494715786,-0.39260073655797517,0.2732312961117544,0.41173269183271005,-0.24490518579332302,0.16521293725498418,-0.17147619646325785,1.5588994828934168,-0.7820157008848647,-0.7002080134759401,1
0.47234264016825267,0.7288155252362812,1.2447454597110414,0.5283622494715786,-0.39260073655797517,0.2732312961117544,-2.428760260810931,-0.6245882621435056,0.5731966683475453,-0.23674379307746,-0.6414781780182107,1.2787467040220322,-0.7002080134759401,0
0.47234264016825267,0.7288155252362812,1.2447454597110414,0.5283622494715786,-0.39260073655797517,0.2732312961117544,0.41173269183271005,-0.515659936847807,0.5235832870429434,-0.19867102838584208,-0.6414781780182107,-0.7820157008848647,1.4281470373865712,1
-2.1171071907541332,-1.3720893221584447,-0.7378063230712658,0.5283622494715786,-0.39260073655797517,2.1372759162519452,-2.428760260810931,-0.27065820838719423,0.28983554231910436,-0.3441633791716678,-0.6414781780182107,-0.7820157008848647,1.4281470373865712,0
0.47234264016825267,0.7288155252362812,-0.7378063230712658,0.5283622494715786,-0.39260073655797517,0.2732312961117544,0.41173269183271005,-0.16625406273636492,0.7136637332753201,0.008009694225798161,-0.6414781780182107,1.2787467040220322,-0.7002080134759401,1
0.47234264016825267,0.7288155252362812,2.236021351102195,0.5283622494715786,-0.39260073655797517,0.2732312961117544,0.41173269183271005,-0.18400276749700592,-0.5129544243565795,-0.3292062216142464,-0.6414781780182107,-0.7820157008848647,1.4281470373865712,1
0.47234264016825267,0.7288155252362812,0.2534695683198878,0.5283622494715786,-0.39260073655797517,0.2732312961117544,0.41173269183271005,0.2367459394758362,0.5993197681228322,0.1603007529922699,-0.6414781780182107,1.2787467040220322,-0.7002080134759401,1
-2.1171071907541332,0.7288155252362812,0.2534695683198878,0.5283622494715786,-0.39260073655797517,0.2732312961117544,0.41173269183271005,-0.5320165863331037,0.5811354929256332,-0.19323206200132526,-0.6414781780182107,-0.7820157008848647,1.4281470373865712,1
-2.1171071907541332,-1.3720893221584447,-0.7378063230712658,0.5283622494715786,-0.39260073655797517,2.1372759162519452,0.41173269183271005,0.46852314282067725,-0.44286062190440934,-0.3115295808645667,1.5588994828934168,-0.7820157008848647,-0.7002080134759401,0
0.47234264016825267,0.7288155252362812,0.2534695683198878,0.5283622494715786,-0.39260073655797517,0.2732312961117544,0.41173269183271005,-0.43700881379084894,-0.11467283865293044,-0.31288932246069595,-0.6414781780182107,-0.7820157008848647,1.4281470373865712,0
0.47234264016825267,0.7288155252362812,-0.7378063230712658,-1.8926408936295354,-0.39260073655797517,0.2732312961117544,-2.428760260810931,-0.508351646652249,-0.4863946651233006,-0.42166865015103283,-0.6414781780182107,-0.7820157008848647,1.4281470373865712,0
0.47234264016825267,0.7288155252362812,-0.7378063230712658,-1.8926408936295354,-0.39260073655797517,0.2732312961117544,0.41173269183271005,-0.5462851529053836,-0.13495114447981857,-0.35640105353683066,-0.6414781780182107,1.2787467040220322,-0.7002080134759401,1
-2.1171071907541332,-1.3720893221584447,-0.7378063230712658,0.5283622494715786,-0.39260073655797517,0.2732312961117544,0.41173269183271005,-0.415779970841847,0.2900222667834386,-0.20954896115487587,1.5588994828934168,-0.7820157008848647,-0.7002080134759401,1
0.47234264016825267,0.7288155252362812,0.2534695683198878,0.5283622494715786,-0.39260073655797517,0.2732312961117544,0.41173269183271005,-0.9628576940521926,0.4744653729307973,-0.40535175099748233,-0.6414781780182107,-0.7820157008848647,1.4281470373865712,1
0.47234264016825267,-1.3720893221584447,-0.7378063230712658,0.5283622494715786,-0.39260073655797517,0.2732312961117544,0.41173269183271005,0.10624075741229956,-0.268770932102077,-0.16603723007874102,1.5588994828934168,-0.7820157008848647,-0.7002080134759401,1
0.47234264016825267,-1.3720893221584447,-0.7378063230712658,-1.8926408936295354,-0.39260073655797517,0.2732312961117544,0.41173269183271005,-1.45982142735014,4.611827893606857,-0.23130482669294317,-0.6414781780182107,-0.7820157008848647,1.4281470373865712,0
-2.1171071907541332,-1.3720893221584447,-0.7378063230712658,0.5283622494715786,-0.39260073655797517,0.2732312961117544,0.41173269183271005,-0.2668300563799972,0.11428098998125416,-0.19323206200132526,1.5588994828934168,-0.7820157008848647,-0.7002080134759401,1
-2.1171071907541332,-1.3720893221584447,-0.7378063230712658,0.5283622494715786,-0.39260073655797517,0.2732312961117544,-2.428760260810931,-0.672266155324051,0.059675231737460185,-0.3618400199213476,-0.6414781780182107,-0.7820157008848647,1.4281470373865712,0
0.47234264016825267,-1.3720893221584447,-0.7378063230712658,0.5283622494715786,-0.39260073655797517,0.2732312961117544,0.41173269183271005,2.2135949356469347,-0.017605256689432486,1.6832113406569873,1.5588994828934168,-0.7820157008848647,-0.7002080134759401,0
0.47234264016825267,0.7288155252362812,1.2447454597110414,-1.8926408936295354,-0.39260073655797517,0.2732312961117544,0.41173269183271005,0.5123728839940256,0.029034135151869124,0.07871625722451704,1.5588994828934168,-0.7820157008848647,-0.7002080134759401,1
-2.1171071907541332,-1.3720893221584447,-0.7378063230712658,0.5283622494715786,-0.39260073655797517,0.2732312961117544,0.41173269183271005,-1.1406927554774384,0.5655039214476584,-0.4706193476116845,-0.6414781780182107,1.2787467040220322,-0.7002080134759401,1
0.47234264016825267,-1.3720893221584447,-0.7378063230712658,-1.8926408936295354,-0.39260073655797517,0.2732312961117544,0.41173269183271005,-0.3002393829882625,-0.3516159359251855,-0.3237672552297296,-0.6414781780182107,1.2787467040220322,-0.7002080134759401,1
-2.1171071907541332,-1.3720893221584447,-0.7378063230712658,0.5283622494715786,-0.39260073655797517,0.2732312961117544,0.41173269183271005,-1.2833784212002386,-0.17693329963135673,-0.6229104063781562,1.5588994828934168,-0.7820157008848647,-0.7002080134759401,1
0.47234264016825267,0.7288155252362812,1.2447454597110414,0.5283622494715786,2.5471169737663755,-4.014071330210684,0.41173269183271005,-0.1561616619901181,0.13610529024180149,2.4291267305335835,1.5588994828934168,-0.7820157008848647,-0.7002080134759401,1
0.47234264016825267,0.7288155252362812,-0.7378063230712658,0.5283622494715786,-0.39260073655797517,0.2732312961117544,0.41173269183271005,-0.6538214229257379,1.489974628672641,-0.06269686877292094,1.5588994828934168,-0.7820157008848647,-0.7002080134759401,0
0.47234264016825267,0.7288155252362812,0.2534695683198878,-1.8926408936295354,-0.39260073655797517,-2.5228356340985316,0.41173269183271005,-0.4022074319072392,-0.21248186712457445,0.27995801345164056,-0.6414781780182107,-0.7820157008848647,1.4281470373865712,1
0.47234264016825267,0.7288155252362812,1.2447454597110414,0.5283622494715786,-0.39260073655797517,0.2732312961117544,0.41173269183271005,-0.8622817004085603,0.9663503741665682,-0.27481655776907804,-0.6414781780182107,1.2787467040220322,-0.7002080134759401,1
0.47234264016825267,0.7288155252362812,-0.7378063230712658,0.5283622494715786,-0.39260073655797517,0.2732312961117544,0.41173269183271005,-0.696975136461414,-0.33154000096906033,-0.44886348207361715,-0.6414781780182107,-0.7820157008848647,1.4281470373865712,1
-2.1171071907541332,-1.3720893221584447,0.2534695683198878,0.5283622494715786,-0.39260073655797517,0.2732312961117544,0.41173269183271005,-0.9235321325237136,0.8911076366097389,-0.31832828884521275,-0.6414781780182107,1.2787467040220322,-0.7002080134759401,1
0.47234264016825267,0.7288155252362812,0.2534695683198878,0.5283622494715786,2.5471169737663755,0.2732312961117544,0.41173269183271005,1.3242891233386416,-0.9628415984393074,-0.08445273431098825,1.5588994828934168,-0.7820157008848647,-0.7002080134759401,0
0.47234264016825267,0.7288155252362812,-0.7378063230712658,0.5283622494715786,-0.39260073655797517,0.2732312961117544,0.41173269183271005,-0.5664699543978773,0.1498674607125143,-0.30201138969166225,-0.6414781780182107,1.2787467040220322,-0.7002080134759401,1
0.47234264016825267,0.7288155252362812,2.236021351102195,0.5283622494715786,-0.39260073655797517,0.2732312961117544,0.41173269183271005,-0.5789984518759768,0.40117395195045297,-0.2530606922310106,-0.6414781780182107,1.2787467040220322,-0.7002080134759401,1
0.47234264016825267,0.7288155252362812,1.2447454597110414,-1.8926408936295354,-0.39260073655797517,0.2732312961117544,0.41173269183271005,-0.3493093314441523,0.08980106150595324,-0.23130482669294317,1.5588994828934168,-0.7820157008848647,-0.7002080134759401,1
-2.1171071907541332,-1.3720893221584447,-0.7378063230712658,0.5283622494715786,-0.39260073655797517,0.2732312961117544,0.41173269183271005,-0.01521606536149853,-0.27779802579529417,-0.20954896115487587,1.5588994828934168,-0.7820157008848647,-0.7002080134759401,1
0.47234264016825267,0.7288155252362812,2.236021351102195,0.5283622494715786,-0.39260073655797517,0.2732312961117544,0.41173269183271005,2.2135949356469347,-0.4456042228886324,0.7041973914439548,1.5588994828934168,-0.7820157008848647,-0.7002080134759401,1
0.47234264016825267,0.7288155252362812,0.2534695683198878,0.5283622494715786,2.5471169737663755,0.2732312961117544,-2.428760260810931,2.2135949356469347,0.4219529352138014,1.1175588366672353,1.5588994828934168,-0.7820157008848647,-0.7002080134759401,0
0.47234264016825267,-1.3720893221584447,-0.7378063230712658,0.5283622494715786,-0.39260073655797517,0.2732312961117544,-2.428760260810931,-0.4446651178052431,0.29449182980539357,-0.22042689392390952,1.5588994828934168,-0.7820157008848647,-0.7002080134759401,1
0.47234264016825267,0.7288155252362812,-0.7378063230712658,0.5283622494715786,2.5471169737663755,0.2732312961117544,0.41173269183271005,0.6206051816520519,-0.09348919939462107,0.07327729084000022,-0.6414781780182107,1.2787467040220322,-0.7002080134759401,1
-2.1171071907541332,0.7288155252362812,-0.7378063230712658,0.5283622494715786,-0.39260073655797517,0.2732312961117544,0.41173269183271005,0.2050766819617513,-0.8807017007496563,-0.3292062216142464,-0.6414781780182107,-0.7820157008848647,1.4281470373865712,0
-2.1171071907541332,-1.3720893221584447,-0.7378063230712658,0.5283622494715786,-0.39260073655797517,0.2732312961117544,0.41173269183271005,-1.2858145179320912,0.3359989223879432,-0.5630817761484709,-0.6414781780182107,-0.7820157008848647,1.4281470373865712,1
0.47234264016825267,-1.3720893221584447,0.2534695683198878,0.5283622494715786,-0.39260073655797517,0.2732312961117544,0.41173269183271005,-0.00616770607175999,-0.5673005672521823,-0.2911334569226285,-0.6414781780182107,-0.7820157008848647,1.4281470373865712,1
0.47234264016825267,-1.3720893221584447,-0.7378063230712658,0.5283622494715786,-0.39260073655797517,0.2732312961117544,0.41173269183271005,-1.1344285067383888,1.0934780303115585,-0.3944738182284487,-0.6414781780182107,1.2787467040220322,-0.7002080134759401,1
0.47234264016825267,-1.3720893221584447,-0.7378063230712658,0.5283622494715786,-0.39260073655797517,0.2732312961117544,0.41173269183271005,-1.1699259162596707,0.13620414400917333,-0.5413259106104035,-0.6414781780182107,-0.7820157008848647,1.4281470373865712,1
0.47234264016825267,0.7288155252362812,-0.7378063230712658,0.5283622494715786,-0.39260073655797517,-2.5228356340985316,0.41173269183271005,2.2135949356469347,-1.8552031727221727,4.402694532915412,-0.6414781780182107,-0.7820157008848647,1.4281470373865712,1
0.47234264016825267,0.7288155252362812,0.2534695683198878,0.5283622494715786,2.5471169737663755,-2.5228356340985316,0.41173269183271005,1.9040801455195804,-0.9512449664217989,1.0522912400530329,-0.6414781780182107,-0.7820157008848647,1.4281470373865712,1
0.47234264016825267,0.7288155252362812,-0.7378063230712658,0.5283622494715786,2.5471169737663755,0.2732312961117544,0.41173269183271005,1.321853026606789,-1.9392819214778816,-0.5467648769949204,-0.6414781780182107,1.2787467040220322,-0.7002080134759401,1
0.47234264016825267,0.7288155252362812,0.2534695683198878,0.5283622494715786,-0.39260073655797517,0.2732312961117544,0.41173269183271005,-0.08934300877358733,0.35267688065202224,-0.05725790238840411,1.5588994828934168,-0.7820157008848647,-0.7002080134759401,1
0.47234264016825267,0.7288155252362812,1.2447454597110414,0.5283622494715786,2.5471169737663755,0.2732312961117544,0.41173269183271005,0.31504904871395817,0.10482052730613901,0.029765559763865475,1.5588994828934168,-0.7820157008848647,-0.7002080134759401,1
-2.1171071907541332,-1.3720893221584447,2.236021351102195,-1.8926408936295354,-0.39260073655797517,0.2732312961117544,-2.428760260810931,-1.5189837765522767,5.295196763794026,-0.23130482669294317,-0.6414781780182107,-0.7820157008848647,1.4281470373865712,0
-2.1171071907541332,-1.3720893221584447,-0.7378063230712658,0.5283622494715786,-0.39260073655797517,0.2732312961117544,0.41173269183271005,-0.7081115786641691,-0.7826926834505041,-0.5413259106104035,-0.6414781780182107,1.2787467040220322,-0.7002080134759401,1
0.47234264016825267,0.7288155252362812,2.236021351102195,-1.8926408936295354,-0.39260073655797517,0.2732312961117544,0.41173269183271005,-0.6823585560702978,1.952044704242823,0.01344866061031499,1.5588994828934168,-0.7820157008848647,-0.7002080134759401,0
-2.1171071907541332,-1.3720893221584447,-0.7378063230712658,0.5283622494715786,-0.39260073655797517,0.2732312961117544,0.41173269183271005,-1.3282722038300951,-0.5210074848135975,-0.6773000702233247,1.5588994828934168,-0.7820157008848647,-0.7002080134759401,0
0.47234264016825267,0.7288155252362812,0.2534695683198878,-1.8926408936295354,-0.39260073655797517,0.2732312961117544,0.41173269183271005,-0.14328515069318248,0.39593632626177305,-0.06813583515743776,-0.6414781780182107,-0.7820157008848647,1.4281470373865712,1
0.47234264016825267,0.7288155252362812,2.236021351102195,-1.8926408936295354,-0.39260073655797517,0.2732312961117544,0.41173269183271005,-1.0516012178553975,-0.06379367287958997,-0.525009011456853,-0.6414781780182107,1.2787467040220322,-0.7002080134759401,1
0.47234264016825267,0.7288155252362812,1.2447454597110414,0.5283622494715786,-0.39260073655797517,0.2732312961117544,0.41173269183271005,-0.4460571730805875,0.17998898434953595,-0.24762172584649378,1.5588994828934168,-0.7820157008848647,-0.7002080134759401,1
0.47234264016825267,0.7288155252362812,-0.7378063230712658,0.5283622494715786,-0.39260073655797517,0.2732312961117544,0.41173269183271005,-0.4307445650517992,0.9656017787707077,-0.05725790238840411,-0.6414781780182107,1.2787467040220322,-0.7002080134759401,1
0.47234264016825267,0.7288155252362812,-0.7378063230712658,-1.8926408936295354,-0.39260073655797517,0.2732312961117544,-2.428760260810931,0.19428825357783228,-0.15727142785668174,-0.10076963346453885,1.5588994828934168,-0.7820157008848647,-0.7002080134759401,0
0.47234264016825267,0.7288155252362812,1.2447454597110414,-1.8926408936295354,-0.39260073655797517,0.2732312961117544,0.41173269183271005,-0.32842850231398646,0.013636985729965427,-0.24218275946197693,-0.6414781780182107,-0.7820157008848647,1.4281470373865712,1
0.47234264016825267,0.7288155252362812,-0.7378063230712658,0.5283622494715786,-0.39260073655797517,0.2732312961117544,0.41173269183271005,1.643069781392507,-0.017258136870118193,0.4811997696787639,-0.6414781780182107,1.2787467040220322,-0.7002080134759401,1
0.47234264016825267,0.7288155252362812,-0.7378063230712658,0.5283622494715786,-0.39260073655797517,0.2732312961117544,0.41173269183271005,0.9327735771480316,-0.32256810225686017,0.08959418999355091,1.5588994828934168,-0.7820157008848647,-0.7002080134759401,1
0.47234264016825267,0.7288155252362812,-0.7378063230712658,0.5283622494715786,-0.39260073655797517,0.2732312961117544,0.41173269183271005,1.00516045146594,0.14080946771819783,0.31259181175874157,-0.6414781780182107,1.2787467040220322,-0.7002080134759401,1
0.47234264016825267,-1.3720893221584447,-0.7378063230712658,0.5283622494715786,-0.39260073655797517,0.2732312961117544,0.41173269183271005,2.2135949356469347,-0.0037058104632063348,0.7477091225200894,1.5588994828934168,-0.7820157008848647,-0.7002080134759401,0
0.47234264016825267,0.7288155252362812,2.236021351102195,0.5283622494715786,-0.39260073655797517,0.2732312961117544,0.41173269183271005,-0.5031314393697075,-0.44512015618401546,-0.4107907173819992,1.5588994828934168,-0.7820157008848647,-0.7002080134759401,1
-2.1171071907541332,0.7288155252362812,-0.7378063230712658,0.5283622494715786,2.5471169737663755,0.2732312961117544,-2.428760260810931,-0.24177306142379812,-0.5500966219897787,-0.35640105353683066,1.5588994828934168,-0.7820157008848647,-0.7002080134759401,0
-2.1171071907541332,0.7288155252362812,-0.7378063230712658,0.5283622494715786,-0.39260073655797517,0.2732312961117544,0.41173269183271005,-1.1368646034702414,2.3588461497085307,-0.22042689392390952,-0.6414781780182107,1.2787467040220322,-0.7002080134759401,1
-2.1171071907541332,-1.3720893221584447,-0.7378063230712658,0.5283622494715786,-0.39260073655797517,-2.5228356340985316,0.41173269183271005,-0.828872373800295,0.7523450911180595,0.3343476772968091,-0.6414781780182107,-0.7820157008848647,1.4281470373865712,1
0.47234264016825267,0.7288155252362812,1.2447454597110414,0.5283622494715786,-0.39260073655797517,0.2732312961117544,0.41173269183271005,1.846309851592788,-1.0952743564305432,-0.030063070465819856,1.5588994828934168,-0.7820157008848647,-0.7002080134759401,1
0.47234264016825267,0.7288155252362812,0.2534695683198878,0.5283622494715786,-0.39260073655797517,0.2732312961117544,0.41173269183271005,-0.8072955170324569,-0.757058986661082,-0.5630817761484709,-0.6414781780182107,-0.7820157008848647,1.4281470373865712,0
0.47234264016825267,0.7288155252362812,-0.7378063230712658,-1.8926408936295354,-0.39260073655797517,2.1372759162519452,-2.428760260810931,-0.5320165863331037,-0.2810499690105302,-0.5195700450723362,-0.6414781780182107,-0.7820157008848647,1.4281470373865712,0
0.47234264016825267,0.7288155252362812,2.236021351102195,0.5283622494715786,-0.39260073655797517,0.2732312961117544,0.41173269183271005,0.7444981011577028,0.013941662863133884,0.1603007529922699,-0.6414781780182107,1.2787467040220322,-0.7002080134759401,1
-2.1171071907541332,-1.3720893221584447,0.2534695683198878,0.5283622494715786,-0.39260073655797517,0.2732312961117544,0.41173269183271005,-0.5121797986594461,-0.7731745089550254,-0.48693624676523506,-0.6414781780182107,1.2787467040220322,-0.7002080134759401,0
0.47234264016825267,0.7288155252362812,1.2447454597110414,0.5283622494715786,-0.39260073655797517,0.2732312961117544,0.41173269183271005,0.8603867028301233,0.38539186577475976,0.3561035428348764,-0.6414781780182107,1.2787467040220322,-0.7002080134759401,1
0.47234264016825267,0.7288155252362812,-0.7378063230712658,0.5283622494715786,-0.39260073655797517,0.2732312961117544,0.41173269183271005,0.3091328137937445,-0.6348205875464475,-0.22042689392390952,-0.6414781780182107,-0.7820157008848647,1.4281470373865712,1
0.47234264016825267,0.7288155252362812,-0.7378063230712658,0.5283622494715786,-0.39260073655797517,-0.6587910139583409,0.41173269183271005,-0.05175751633928879,-0.9383742002574527,-0.3074503560761791,-0.6414781780182107,-0.7820157008848647,1.4281470373865712,1
0.47234264016825267,-1.3720893221584447,-0.7378063230712658,0.5283622494715786,2.5471169737663755,0.2732312961117544,0.41173269183271005,0.218301207077523,-0.3687742794862064,-0.16059826369422417,1.5588994828934168,-0.7820157008848647,-0.7002080134759401,1
0.47234264016825267,-1.3720893221584447,-0.7378063230712658,-1.8926408936295354,-0.39260073655797517,0.2732312961117544,0.41173269183271005,0.00740483286284782,-0.285100132377412,-0.20410999477035893,1.5588994828934168,-0.7820157008848647,-0.7002080134759401,0
0.47234264016825267,-1.3720893221584447,-0.7378063230712658,0.5283622494715786,-0.39260073655797517,2.1372759162519452,0.41173269183271005,-1.2858145179320912,1.6693219349185715,-0.5358869442258867,-0.6414781780182107,1.2787467040220322,-0.7002080134759401,0
0.47234264016825267,-1.3720893221584447,-0.7378063230712658,0.5283622494715786,-0.39260073655797517,0.2732312961117544,-2.428760260810931,-0.3726262573061709,0.037132715347577255,-0.2530606922310106,1.5588994828934168,-0.7820157008848647,-0.7002080134759401,0
0.47234264016825267,0.7288155252362812,0.2534695683198878,0.5283622494715786,-0.39260073655797517,0.2732312961117544,0.41173269183271005,0.04533833911598247,0.4357664477906029,0.024326593379348647,-0.6414781780182107,1.2787467040220322,-0.7002080134759401,1
0.47234264016825267,0.7288155252362812,-0.7378063230712658,0.5283622494715786,-0.39260073655797517,0.2732312961117544,0.41173269183271005,2.2135949356469347,-0.12334825945811641,2.1727183152635035,1.5588994828934168,-0.7820157008848647,-0.7002080134759401,0
-2.1171071907541332,-1.3720893221584447,-0.7378063230712658,0.5283622494715786,2.5471169737663755,0.2732312961117544,0.41173269183271005,2.2135949356469347,-2.3432827328162875,-0.6283493727626731,-0.6414781780182107,1.2787467040220322,-0.7002080134759401,1
0.47234264016825267,0.7288155252362812,1.2447454597110414,0.5283622494715786,-0.39260073655797517,0.2732312961117544,0.41173269183271005,-0.3513974143571689,0.6916197079267377,-0.08445273431098825,-0.6414781780182107,1.2787467040220322,-0.7002080134759401,1
0.47234264016825267,0.7288155252362812,1.2447454597110414,0.5283622494715786,2.5471169737663755,-0.6587910139583409,0.41173269183271005,2.2135949356469347,-0.20443800193455602,1.552676147428583,1.5588994828934168,-0.7820157008848647,-0.7002080134759401,1
0.47234264016825267,-1.3720893221584447,0.2534695683198878,0.5283622494715786,-0.39260073655797517,-2.5228356340985316,-2.428760260810931,-0.3987272937188782,-0.21749663269397276,0.27995801345164056,-0.6414781780182107,-0.7820157008848647,1.4281470373865712,0
-2.1171071907541332,-1.3720893221584447,-0.7378063230712658,0.5283622494715786,-0.39260073655797517,0.2732312961117544,0.41173269183271005,-0.6861867080774949,0.24954364837530527,-0.3292062216142464,-0.6414781780182107,-0.7820157008848647,1.4281470373865712,1
0.47234264016825267,0.7288155252362812,-0.7378063230712658,0.5283622494715786,-0.39260073655797517,-2.5228356340985316,0.41173269183271005,-0.15824974490313468,-0.3414759088017755,0.3778594083729437,-0.6414781780182107,-0.7820157008848647,1.4281470373865712,1
0.47234264016825267,0.7288155252362812,2.236021351102195,0.5283622494715786,-0.39260073655797517,0.2732312961117544,0.41173269183271005,2.2135949356469347,-1.657399823464215,-0.22042689392390952,1.5588994828934168,-0.7820157008848647,-0.7002080134759401,1
0.47234264016825267,0.7288155252362812,-0.7378063230712658,0.5283622494715786,-0.39260073655797517,0.2732312961117544,0.41173269183271005,-0.6559095058387544,0.7224801828406566,-0.22042689392390952,-0.6414781780182107,1.2787467040220322,-0.7002080134759401,1
0.47234264016825267,-1.3720893221584447,-0.7378063230712658,0.5283622494715786,-0.39260073655797517,2.1372759162519452,0.41173269183271005,-1.0877946550143516,-0.08531143459005586,-0.6378675639355776,-0.6414781780182107,-0.7820157008848647,1.4281470373865712,0
0.47234264016825267,0.7288155252362812,1.2447454597110414,0.5283622494715786,-0.39260073655797517,0.2732312961117544,0.41173269183271005,-0.2797065676769328,0.027296083783556642,-0.22042689392390952,-0.6414781780182107,-0.7820157008848647,1.4281470373865712,1
0.47234264016825267,0.7288155252362812,-0.7378063230712658,0.5283622494715786,-0.39260073655797517,0.2732312961117544,0.41173269183271005,-0.1258844597513776,-0.22214490754700686,-0.23130482669294317,-0.6414781780182107,1.2787467040220322,-0.7002080134759401,1
0.47234264016825267,-1.3720893221584447,-0.7378063230712658,0.5283622494715786,-0.39260073655797517,0.2732312961117544,0.41173269183271005,1.3844955139972863,0.5999771468255227,0.6824415259058872,-0.6414781780182107,1.2787467040220322,-0.7002080134759401,1
-2.1171071907541332,-1.3720893221584447,-0.7378063230712658,0.5283622494715786,-0.39260073655797517,0.2732312961117544,0.41173269183271005,-0.06776615200574929,0.24404561117893406,-0.07901376792647143,-0.6414781780182107,-0.7820157008848647,1.4281470373865712,1
0.47234264016825267,-1.3720893221584447,-0.7378063230712658,0.5283622494715786,2.5471169737663755,0.2732312961117544,0.41173269183271005,0.3383659745759767,-0.6916213489431525,-0.23130482669294317,-0.6414781780182107,-0.7820157008848647,1.4281470373865712,1
0.47234264016825267,0.7288155252362812,1.2447454597110414,0.5283622494715786,-0.39260073655797517,0.2732312961117544,0.41173269183271005,-0.5668179682167134,-0.22709931123340976,-0.3835958854594149,-0.6414781780182107,-0.7820157008848647,1.4281470373865712,0
0.47234264016825267,-1.3720893221584447,0.2534695683198878,0.5283622494715786,-0.39260073655797517,-2.5228356340985316,0.41173269183271005,-0.8796823913503652,0.7975333291120809,0.3017138789897079,-0.6414781780182107,-0.7820157008848647,1.4281470373865712,1
0.47234264016825267,-1.3720893221584447,-0.7378063230712658,-1.8926408936295354,-0.39260073655797517,0.2732312961117544,0.41173269183271005,-0.782586535895094,1.1005443322856556,-0.20954896115487587,-0.6414781780182107,1.2787467040220322,-0.7002080134759401,1
0.47234264016825267,0.7288155252362812,-0.7378063230712658,-1.8926408936295354,-0.39260073655797517,0.2732312961117544,-2.428760260810931,-0.01695613445567902,-0.350598767929764,-0.23130482669294317,-0.6414781780182107,-0.7820157008848647,1.4281470373865712,0
0.47234264016825267,0.7288155252362812,-0.7378063230712658,0.5283622494715786,-0.39260073655797517,0.2732312961117544,0.41173269183271005,-0.5027834255508714,0.5465236085769898,-0.18779309561680843,-0.6414781780182107,-0.7820157008848647,1.4281470373865712,1
0.47234264016825267,0.7288155252362812,-0.7378063230712658,0.5283622494715786,-0.39260073655797517,0.2732312961117544,0.41173269183271005,-0.24594922724983131,-0.12641497752937253,-0.24762172584649378,1.5588994828934168,-0.7820157008848647,-0.7002080134759401,1
0.47234264016825267,-1.3720893221584447,2.236021351102195,0.5283622494715786,-0.39260073655797517,0.2732312961117544,0.41173269183271005,1.034393612248172,-0.4247900938651031,0.07871625722451704,1.5588994828934168,-0.7820157008848647,-0.7002080134759401,1
0.47234264016825267,0.7288155252362812,2.236021351102195,0.5283622494715786,-0.39260073655797517,0.2732312961117544,0.41173269183271005,1.151674269195937,0.5814206071656913,0.5682232318310334,1.5588994828934168,-0.7820157008848647,-0.7002080134759401,1
0.47234264016825267,0.7288155252362812,-0.7378063230712658,0.5283622494715786,-0.39260073655797517,0.2732312961117544,0.41173269183271005,-0.5208801441303484,0.19149247354671028,-0.27481655776907804,-0.6414781780182107,-0.7820157008848647,1.4281470373865712,1
0.47234264016825267,0.7288155252362812,1.2447454597110414,-1.8926408936295354,-0.39260073655797517,-2.5228356340985316,0.41173269183271005,-0.896735068473334,0.8455036293550523,0.3017138789897079,-0.6414781780182107,1.2787467040220322,-0.7002080134759401,1
0.47234264016825267,0.7288155252362812,1.2447454597110414,0.5283622494715786,-0.39260073655797517,0.2732312961117544,0.41173269183271005,-0.5897868802598958,0.14187526539114664,-0.31288932246069595,-0.6414781780182107,-0.7820157008848647,1.4281470373865712,1
0.47234264016825267,0.7288155252362812,1.2447454597110414,0.5283622494715786,-0.39260073655797517,0.2732312961117544,0.41173269183271005,-0.8473171061986081,1.3824569507479143,-0.19323206200132526,-0.6414781780182107,1.2787467040220322,-0.7002080134759401,1
-2.1171071907541332,-1.3720893221584447,-0.7378063230712658,0.5283622494715786,-0.39260073655797517,0.2732312961117544,-2.428760260810931,-1.0491651211235449,-0.17812996858569796,-0.5413259106104035,-0.6414781780182107,-0.7820157008848647,1.4281470373865712,0
0.47234264016825267,0.7288155252362812,-0.7378063230712658,0.5283622494715786,-0.39260073655797517,0.2732312961117544,0.41173269183271005,-0.5925709908105846,-0.313569748868573,-0.4107907173819992,-0.6414781780182107,-0.7820157008848647,1.4281470373865712,1
0.47234264016825267,-1.3720893221584447,-0.7378063230712658,-1.8926408936295354,-0.39260073655797517,0.2732312961117544,0.41173269183271005,-0.2181081217429435,-0.49432230264196886,-0.33464518799876336,1.5588994828934168,-0.7820157008848647,-0.7002080134759401,1
-2.1171071907541332,-1.3720893221584447,-0.7378063230712658,0.5283622494715786,-0.39260073655797517,0.2732312961117544,-2.428760260810931,-1.0074034628632131,0.8431353660255072,-0.3672789863058644,-0.6414781780182107,1.2787467040220322,-0.7002080134759401,0
0.47234264016825267,0.7288155252362812,1.2447454597110414,-1.8926408936295354,-0.39260073655797517,-2.5228356340985316,-2.428760260810931,-1.1504371424048492,-0.9540687942157065,-0.43798554930458344,-0.6414781780182107,-0.7820157008848647,1.4281470373865712,0
0.47234264016825267,-1.3720893221584447,-0.7378063230712658,-1.8926408936295354,-0.39260073655797517,-0.6587910139583409,0.41173269183271005,-1.1970709941288864,-0.03256530230370123,-0.5032531459187856,1.5588994828934168,-0.7820157008848647,-0.7002080134759401,0
0.47234264016825267,-1.3720893221584447,-0.7378063230712658,0.5283622494715786,-0.39260073655797517,0.2732312961117544,0.41173269183271005,2.2135949356469347,-2.218259722306748,-0.3672789863058644,-0.6414781780182107,1.2787467040220322,-0.7002080134759401,1
-2.1171071907541332,-1.3720893221584447,-0.7378063230712658,-1.8926408936295354,-0.39260073655797517,0.2732312961117544,0.41173269183271005,-1.4726979386470758,0.35892869612039835,-0.6392273055317068,-0.6414781780182107,1.2787467040220322,-0.7002080134759401,1
-2.1171071907541332,-1.3720893221584447,-0.7378063230712658,0.5283622494715786,2.5471169737663755,0.2732312961117544,0.41173269183271005,0.4337217609370675,0.2522943459231907,0.12766695468516873,1.5588994828934168,-0.7820157008848647,-0.7002080134759401,0
-2.1171071907541332,-1.3720893221584447,-0.7378063230712658,0.5283622494715786,-0.39260073655797517,0.2732312961117544,0.41173269183271005,-0.5734302307745992,0.1625980719455311,-0.30201138969166225,-0.6414781780182107,1.2787467040220322,-0.7002080134759401,1
0.47234264016825267,0.7288155252362812,-0.7378063230712658,-1.8926408936295354,-0.39260073655797517,0.2732312961117544,0.41173269183271005,-0.5664699543978773,0.1498674607125143,-0.30201138969166225,-0.6414781780182107,-0.7820157008848647,1.4281470373865712,1
-2.1171071907541332,-1.3720893221584447,-0.7378063230712658,-1.8926408936295354,-0.39260073655797517,0.2732312961117544,0.41173269183271005,-1.3856944839380512,0.6835558458437743,-0.5685207425329879,1.5588994828934168,-0.7820157008848647,-0.7002080134759401,1
0.47234264016825267,0.7288155252362812,0.2534695683198878,0.5283622494715786,-0.39260073655797517,-0.6587910139583409,-2.428760260810931,0.7326656313172755,-0.6394816862811209,0.06457494462477342,-0.6414781780182107,1.2787467040220322,-0.7002080134759401,0
0.47234264016825267,0.7288155252362812,2.236021351102195,0.5283622494715786,-0.39260073655797517,0.2732312961117544,-2.428760260810931,2.2135949356469347,-2.2335852741749163,1.0305353745149657,1.5588994828934168,-0.7820157008848647,-0.7002080134759401,0
-2.1171071907541332,-1.3720893221584447,0.2534695683198878,-1.8926408936295354,2.5471169737663755,0.2732312961117544,0.41173269183271005,-0.8100796275831457,-0.9015661423178398,-0.5902766080710552,-0.6414781780182107,1.2787467040220322,-0.7002080134759401,0
0.47234264016825267,0.7288155252362812,-0.7378063230712658,0.5283622494715786,-0.39260073655797517,0.2732312961117544,0.41173269183271005,0.021325385616291728,0.19524685906673633,-0.05725790238840411,-0.6414781780182107,-0.7820157008848647,1.4281470373865712,1
0.47234264016825267,0.7288155252362812,-0.7378063230712658,-1.8926408936295354,-0.39260073655797517,0.2732312961117544,-2.428760260810931,-0.0343568253974839,1.3660087489292756,0.25820214791357304,1.5588994828934168,-0.7820157008848647,-0.7002080134759401,0
0.47234264016825267,0.7288155252362812,-0.7378063230712658,-1.8926408936295354,-0.39260073655797517,0.2732312961117544,0.41173269183271005,-0.6642618374908208,0.2055350667038592,-0.3292062216142464,1.5588994828934168,-0.7820157008848647,-0.7002080134759401,1
-2.1171071907541332,0.7288155252362812,-0.7378063230712658,-1.8926408936295354,-0.39260073655797517,0.2732312961117544,-2.428760260810931,-0.28144663677111326,1.0542283782460555,0.04064349253289924,-0.6414781780182107,1.2787467040220322,-0.7002080134759401,0
-2.1171071907541332,-1.3720893221584447,-0.7378063230712658,0.5283622494715786,-0.39260073655797517,0.2732312961117544,0.41173269183271005,-1.113547677608223,-0.44176643861446685,-0.6011545408400888,-0.6414781780182107,-0.7820157008848647,1.4281470373865712,1
-2.1171071907541332,-1.3720893221584447,0.2534695683198878,0.5283622494715786,-0.39260073655797517,0.2732312961117544,0.41173269183271005,-1.2510131360484815,4.328894628348368,-0.05725790238840411,-0.6414781780182107,-0.7820157008848647,1.4281470373865712,0
0.47234264016825267,0.7288155252362812,1.2447454597110414,0.5283622494715786,2.5471169737663755,0.2732312961117544,0.41173269183271005,2.2135949356469347,-1.4726290529429562,0.3724204419884269,-0.6414781780182107,-0.7820157008848647,1.4281470373865712,0
0.47234264016825267,0.7288155252362812,-0.7378063230712658,0.5283622494715786,-0.39260073655797517,0.2732312961117544,0.41173269183271005,-0.8340925810828365,0.6451005348696218,-0.31832828884521275,1.5588994828934168,-0.7820157008848647,-0.7002080134759401,1
0.47234264016825267,0.7288155252362812,-0.7378063230712658,0.5283622494715786,-0.39260073655797517,0.2732312961117544,0.41173269183271005,-0.5330606277896119,0.6572241985919213,-0.17691516284777467,-0.6414781780182107,1.2787467040220322,-0.7002080134759401,1
0.47234264016825267,0.7288155252362812,-0.7378063230712658,0.5283622494715786,-0.39260073655797517,0.2732312961117544,0.41173269183271005,-0.127276515026722,-0.023224756835928298,-0.17691516284777467,1.5588994828934168,-0.7820157008848647,-0.7002080134759401,1
-2.1171071907541332,-1.3720893221584447,-0.7378063230712658,-1.8926408936295354,-0.39260073655797517,0.2732312961117544,-2.428760260810931,-1.2092514777881498,0.636199438393825,-0.4923752131497519,-0.6414781780182107,-0.7820157008848647,1.4281470373865712,0
0.47234264016825267,0.7288155252362812,-0.7378063230712658,0.5283622494715786,-0.39260073655797517,0.2732312961117544,0.41173269183271005,-0.9242281601613858,0.5034194255739417,-0.3835958854594149,-0.6414781780182107,-0.7820157008848647,1.4281470373865712,1
0.47234264016825267,0.7288155252362812,0.2534695683198878,0.5283622494715786,-0.39260073655797517,0.2732312961117544,-2.428760260810931,0.9473901575391477,-1.3265183879698912,-0.3292062216142464,-0.6414781780182107,-0.7820157008848647,1.4281470373865712,0
0.47234264016825267,0.7288155252362812,-0.7378063230712658,0.5283622494715786,-0.39260073655797517,0.2732312961117544,0.41173269183271005,2.2135949356469347,-2.0028780417508796,-0.40535175099748233,-0.6414781780182107,1.2787467040220322,-0.7002080134759401,1
0.47234264016825267,0.7288155252362812,-0.7378063230712658,0.5283622494715786,-0.39260073655797517,0.2732312961117544,0.41173269183271005,0.2684151969899211,-0.747891163268521,-0.2693775913845611,1.5588994828934168,-0.7820157008848647,-0.7002080134759401,1
-2.1171071907541332,-1.3720893221584447,0.2534695683198878,-1.8926408936295354,-0.39260073655797517,0.2732312961117544,0.41173269183271005,-0.5528974154632694,-0.7231011889774782,-0.48693624676523506,1.5588994828934168,-0.7820157008848647,-0.7002080134759401,0
0.47234264016825267,0.7288155252362812,1.2447454597110414,0.5283622494715786,-0.39260073655797517,0.2732312961117544,0.41173269183271005,-0.09038705023009563,-0.1686597514714405,-0.20410999477035893,-0.6414781780182107,1.2787467040220322,-0.7002080134759401,1
0.47234264016825267,0.7288155252362812,-0.7378063230712658,0.5283622494715786,-0.39260073655797517,0.2732312961117544,0.41173269183271005,-1.1340387309689606,0.6613919790526849,-0.45430244845813395,1.5588994828934168,-0.7820157008848647,-0.7002080134759401,1
0.47234264016825267,-1.3720893221584447,-0.7378063230712658,-1.8926408936295354,-0.39260073655797517,-2.5228356340985316,0.41173269183271005,-1.210295519244658,-0.2061601018714306,-0.27481655776907804,-0.6414781780182107,-0.7820157008848647,1.4281470373865712,1
-2.1171071907541332,-1.3720893221584447,0.2534695683198878,0.5283622494715786,2.5471169737663755,0.2732312961117544,0.41173269183271005,0.8454221086201711,-0.7452201835766135,-0.11164756623357251,-0.6414781780182107,1.2787467040220322,-0.7002080134759401,1
0.47234264016825267,-1.3720893221584447,-0.7378063230712658,0.5283622494715786,-0.39260073655797517,0.2732312961117544,-2.428760260810931,0.10624075741229956,-0.8876874498550212,-0.35640105353683066,1.5588994828934168,-0.7820157008848647,-0.7002080134759401,0
0.47234264016825267,-1.3720893221584447,-0.7378063230712658,0.5283622494715786,-0.39260073655797517,0.2732312961117544,0.41173269183271005,2.2135949356469347,0.8709220990576851,1.2752888618182239,-0.6414781780182107,1.2787467040220322,-0.7002080134759401,1
0.47234264016825267,0.7288155252362812,-0.7378063230712658,0.5283622494715786,-0.39260073655797517,0.2732312961117544,0.41173269183271005,-0.49756321826832994,0.705018270466489,-0.14972033092519052,-0.6414781780182107,1.2787467040220322,-0.7002080134759401,1
0.47234264016825267,-1.3720893221584447,-0.7378063230712658,0.5283622494715786,-0.39260073655797517,0.2732312961117544,0.41173269183271005,-0.8507972443869691,0.3206733705197751,-0.3835958854594149,-0.6414781780182107,-0.7820157008848647,1.4281470373865712,1
-2.1171071907541332,0.7288155252362812,-0.7378063230712658,0.5283622494715786,-0.39260073655797517,-1.5908133240284363,0.41173269183271005,1.340645772823938,-1.280066564829648,0.11678902191613506,-0.6414781780182107,1.2787467040220322,-0.7002080134759401,1
0.47234264016825267,-1.3720893221584447,-0.7378063230712658,0.5283622494715786,-0.39260073655797517,0.2732312961117544,0.41173269183271005,-0.8414008712783945,-1.2228373339152696,-0.6555442046852573,-0.6414781780182107,1.2787467040220322,-0.7002080134759401,1
0.47234264016825267,0.7288155252362812,-0.7378063230712658,0.5283622494715786,-0.39260073655797517,0.2732312961117544,0.41173269183271005,-0.9941789377474414,1.6631513112784229,-0.23130482669294317,-0.6414781780182107,-0.7820157008848647,1.4281470373865712,1
0.47234264016825267,-1.3720893221584447,-0.7378063230712658,0.5283622494715786,2.5471169737663755,0.2732312961117544,-2.428760260810931,1.469062871974458,-0.6808726314639095,0.08959418999355091,-0.6414781780182107,-0.7820157008848647,1.4281470373865712,0
-2.1171071907541332,0.7288155252362812,-0.7378063230712658,-1.8926408936295354,2.5471169737663755,0.2732312961117544,0.41173269183271005,0.3296656291050743,-0.5234980247388851,-0.17691516284777467,1.5588994828934168,-0.7820157008848647,-0.7002080134759401,1
0.47234264016825267,-1.3720893221584447,-0.7378063230712658,0.5283622494715786,-0.39260073655797517,0.2732312961117544,0.41173269183271005,0.8802234905037809,-0.2806490050503716,0.08959418999355091,-0.6414781780182107,1.2787467040220322,-0.7002080134759401,1
0.47234264016825267,0.7288155252362812,-0.7378063230712658,0.5283622494715786,-0.39260073655797517,0.2732312961117544,0.41173269183271005,1.2317174475282395,-0.6189495342390857,0.0515214253019329,1.5588994828934168,-0.7820157008848647,-0.7002080134759401,1
0.47234264016825267,-1.3720893221584447,2.236021351102195,-1.8926408936295354,-0.39260073655797517,0.2732312961117544,0.41173269183271005,0.1758435211795191,-0.20542766376062419,-0.12252549900260627,-0.6414781780182107,1.2787467040220322,-0.7002080134759401,1
0.47234264016825267,-1.3720893221584447,0.2534695683198878,0.5283622494715786,-0.39260073655797517,0.2732312961117544,0.41173269183271005,2.2135949356469347,-2.281245266065903,-0.10076963346453885,-0.6414781780182107,1.2787467040220322,-0.7002080134759401,1
0.47234264016825267,0.7288155252362812,-0.7378063230712658,0.5283622494715786,-0.39260073655797517,-0.6587910139583409,0.41173269183271005,2.2135949356469347,-1.4604598023625017,0.21469041683743842,1.5588994828934168,-0.7820157008848647,-0.7002080134759401,1
0.47234264016825267,0.7288155252362812,0.2534695683198878,0.5283622494715786,2.5471169737663755,0.2732312961117544,0.41173269183271005,-0.5285364481447427,0.4511175459588451,-0.22042689392390952,1.5588994828934168,-0.7820157008848647,-0.7002080134759401,1
0.47234264016825267,0.7288155252362812,1.2447454597110414,-1.8926408936295354,-0.39260073655797517,0.2732312961117544,0.41173269183271005,-0.5368887797968089,-0.02655645899547087,-0.3292062216142464,1.5588994828934168,-0.7820157008848647,-0.7002080134759401,1
0.47234264016825267,0.7288155252362812,-0.7378063230712658,0.5283622494715786,-0.39260073655797517,0.2732312961117544,0.41173269183271005,-0.4453611454429153,-1.4582131688067619,-0.6283493727626731,1.5588994828934168,-0.7820157008848647,-0.7002080134759401,0
0.47234264016825267,0.7288155252362812,1.2447454597110414,0.5283622494715786,-0.39260073655797517,0.2732312961117544,-2.428760260810931,-0.39837927990004207,0.6696710863295444,-0.11164756623357251,1.5588994828934168,-0.7820157008848647,-0.7002080134759401,0
0.47234264016825267,-1.3720893221584447,0.2534695683198878,-1.8926408936295354,2.5471169737663755,0.2732312961117544,0.41173269183271005,-0.6555614920199183,2.3214204341720674,0.1059110891471014,-0.6414781780182107,1.2787467040220322,-0.7002080134759401,0
0.47234264016825267,0.7288155252362812,1.2447454597110414,-1.8926408936295354,-0.39260073655797517,0.2732312961117544,-2.428760260810931,-0.9155278146904833,1.2869055548007464,-0.24762172584649378,1.5588994828934168,-0.7820157008848647,-0.7002080134759401,0
0.47234264016825267,0.7288155252362812,1.2447454597110414,-1.8926408936295354,-0.39260073655797517,-0.6587910139583409,0.41173269183271005,-0.967729887515898,-0.7243730486101443,-0.5358869442258867,-0.6414781780182107,-0.7820157008848647,1.4281470373865712,1
0.47234264016825267,0.7288155252362812,-0.7378063230712658,0.5283622494715786,-0.39260073655797517,0.2732312961117544,-2.428760260810931,-0.17878256021446445,0.2702266498834884,-0.11708653261808945,1.5588994828934168,-0.7820157008848647,-0.7002080134759401,0
0.47234264016825267,0.7288155252362812,-0.7378063230712658,0.5283622494715786,-0.39260073655797517,-2.5228356340985316,-2.428760260810931,-0.433528675602488,-0.6541667442709571,0.0515214253019329,1.5588994828934168,-0.7820157008848647,-0.7002080134759401,1
0.47234264016825267,-1.3720893221584447,-0.7378063230712658,0.5283622494715786,2.5471169737663755,0.2732312961117544,0.41173269183271005,0.3098288414314167,-1.381685037419298,-0.4706193476116845,-0.6414781780182107,1.2787467040220322,-0.7002080134759401,1
0.47234264016825267,0.7288155252362812,1.2447454597110414,0.5283622494715786,-0.39260073655797517,0.2732312961117544,0.41173269183271005,-0.8128637381338345,0.1149559341966056,-0.40535175099748233,-0.6414781780182107,1.2787467040220322,-0.7002080134759401,1
0.47234264016825267,0.7288155252362812,-0.7378063230712658,0.5283622494715786,-0.39260073655797517,0.2732312961117544,0.41173269183271005,-0.6590416302082793,0.4090420490435067,-0.2856944905381117,-0.6414781780182107,-0.7820157008848647,1.4281470373865712,1
0.47234264016825267,0.7288155252362812,-0.7378063230712658,0.5283622494715786,-0.39260073655797517,0.2732312961117544,0.41173269183271005,0.02863367581184978,0.42346223998765425,0.01344866061031499,-0.6414781780182107,-0.7820157008848647,1.4281470373865712,0
0.47234264016825267,-1.3720893221584447,1.2447454597110414,0.5283622494715786,-0.39260073655797517,0.2732312961117544,0.41173269183271005,-0.6405968978099661,0.8458392728465289,-0.18779309561680843,1.5588994828934168,-0.7820157008848647,-0.7002080134759401,1
0.47234264016825267,0.7288155252362812,-0.7378063230712658,0.5283622494715786,-0.39260073655797517,0.2732312961117544,0.41173269183271005,0.7444981011577028,-0.5377340703322638,-0.05725790238840411,-0.6414781780182107,1.2787467040220322,-0.7002080134759401,0
0.47234264016825267,0.7288155252362812,-0.7378063230712658,0.5283622494715786,2.5471169737663755,0.2732312961117544,0.41173269183271005,-0.009995858078957065,0.23815499198860682,-0.05725790238840411,-0.6414781780182107,1.2787467040220322,-0.7002080134759401,1
0.47234264016825267,0.7288155252362812,2.236021351102195,0.5283622494715786,-0.39260073655797517,-2.5228356340985316,0.41173269183271005,0.5377778927690607,-0.8435933605503636,0.46488287052521343,-0.6414781780182107,-0.7820157008848647,1.4281470373865712,1
0.47234264016825267,0.7288155252362812,-0.7378063230712658,0.5283622494715786,-0.39260073655797517,0.2732312961117544,0.41173269183271005,-0.34513316561811913,0.6355496908555764,-0.09533066708002202,1.5588994828934168,-0.7820157008848647,-0.7002080134759401,1
-2.1171071907541332,-1.3720893221584447,0.2534695683198878,-1.8926408936295354,-0.39260073655797517,0.2732312961117544,0.41173269183271005,-0.3493093314441523,0.17837100102532225,-0.20954896115487587,-0.6414781780182107,1.2787467040220322,-0.7002080134759401,1
0.47234264016825267,-1.3720893221584447,-0.7378063230712658,0.5283622494715786,-0.39260073655797517,0.2732312961117544,-2.428760260810931,-0.7060234957511524,-0.04057703597425082,-0.3944738182284487,-0.6414781780182107,1.2787467040220322,-0.7002080134759401,0
0.47234264016825267,-1.3720893221584447,-0.7378063230712658,0.5283622494715786,-0.39260073655797517,0.2732312961117544,0.41173269183271005,-0.06776615200574929,-0.06246542618442863,-0.16603723007874102,1.5588994828934168,-0.7820157008848647,-0.7002080134759401,1
0.47234264016825267,0.7288155252362812,2.236021351102195,-1.8926408936295354,-0.39260073655797517,-2.5228356340985316,-2.428760260810931,-0.551157346369089,-0.9994977858533304,-0.16603723007874102,-0.6414781780182107,-0.7820157008848647,1.4281470373865712,0
0.47234264016825267,0.7288155252362812,-0.7378063230712658,0.5283622494715786,-0.39260073655797517,0.2732312961117544,0.41173269183271005,2.2135949356469347,-1.9869735301184843,-0.3292062216142464,-0.6414781780182107,1.2787467040220322,-0.7002080134759401,1
-2.1171071907541332,0.7288155252362812,1.2447454597110414,-1.8926408936295354,-0.39260073655797517,0.2732312961117544,0.41173269183271005,-1.0676098535218579,0.8578273470951597,-0.3944738182284487,-0.6414781780182107,1.2787467040220322,-0.7002080134759401,1
0.47234264016825267,0.7288155252362812,-0.7378063230712658,0.5283622494715786,-0.39260073655797517,0.2732312961117544,0.41173269183271005,0.2050766819617513,-0.8807017007496563,-0.3292062216142464,-0.6414781780182107,-0.7820157008848647,1.4281470373865712,0
0.47234264016825267,0.7288155252362812,0.2534695683198878,0.5283622494715786,2.5471169737663755,0.2732312961117544,0.41173269183271005,-0.2316806606775513,0.6233592565758361,-0.04637996961937035,-0.6414781780182107,1.2787467040220322,-0.7002080134759401,1
0.47234264016825267,0.7288155252362812,0.2534695683198878,-1.8926408936295354,-0.39260073655797517,-2.5228356340985316,-2.428760260810931,-0.7105476753960217,0.3830383660825106,0.3017138789897079,1.5588994828934168,-0.7820157008848647,-0.7002080134759401,0
0.47234264016825267,0.7288155252362812,2.236021351102195,0.5283622494715786,-0.39260073655797517,0.2732312961117544,0.41173269183271005,-0.5233162408622012,-0.29417823075697747,-0.3835958854594149,-0.6414781780182107,1.2787467040220322,-0.7002080134759401,1
-2.1171071907541332,-1.3720893221584447,-0.7378063230712658,0.5283622494715786,2.5471169737663755,0.2732312961117544,0.41173269183271005,-1.2858145179320912,1.5313919681050583,-0.42166865015103283,-0.6414781780182107,-0.7820157008848647,1.4281470373865712,1
0.47234264016825267,-1.3720893221584447,1.2447454597110414,0.5283622494715786,-0.39260073655797517,0.2732312961117544,0.41173269183271005,1.3869316107291392,-0.9153067948796403,-0.04637996961937035,1.5588994828934168,-0.7820157008848647,-0.7002080134759401,1
0.47234264016825267,0.7288155252362812,1.2447454597110414,0.5283622494715786,2.5471169737663755,0.2732312961117544,0.41173269183271005,2.2135949356469347,-1.761413692110424,-0.11164756623357251,1.5588994828934168,-0.7820157008848647,-0.7002080134759401,1
0.47234264016825267,0.7288155252362812,1.2447454597110414,0.5283622494715786,-0.39260073655797517,-0.6587910139583409,0.41173269183271005,0.7848677041426901,0.384151987725205,0.5736621982155504,-0.6414781780182107,1.2787467040220322,-0.7002080134759401,1
0.47234264016825267,0.7288155252362812,1.2447454597110414,0.5283622494715786,-0.39260073655797517,0.2732312961117544,-2.428760260810931,-0.5045234946450519,0.4530964741224922,-0.20954896115487587,-0.6414781780182107,1.2787467040220322,-0.7002080134759401,0
0.47234264016825267,0.7288155252362812,0.2534695683198878,0.5283622494715786,2.5471169737663755,0.2732312961117544,0.41173269183271005,2.2135949356469347,-2.2218921516591603,-0.4597414148426508,-0.6414781780182107,1.2787467040220322,-0.7002080134759401,1
0.47234264016825267,0.7288155252362812,1.2447454597110414,0.5283622494715786,-0.39260073655797517,0.2732312961117544,0.41173269183271005,-0.5723861893180909,0.4890860284117326,-0.23130482669294317,-0.6414781780182107,-0.7820157008848647,1.4281470373865712,0
-2.1171071907541332,-1.3720893221584447,-0.7378063230712658,-1.8926408936295354,-0.39260073655797517,0.2732312961117544,0.41173269183271005,-0.6419889530853105,1.324761251537688,-0.08989170069550519,1.5588994828934168,-0.7820157008848647,-0.7002080134759401,1
0.47234264016825267,0.7288155252362812,2.236021351102195,-1.8926408936295354,-0.39260073655797517,0.2732312961117544,0.41173269183271005,-1.078746295724613,1.4521398008514135,-0.31288932246069595,1.5588994828934168,-0.7820157008848647,-0.7002080134759401,1
0.47234264016825267,0.7288155252362812,-0.7378063230712658,0.5283622494715786,-0.39260073655797517,0.2732312961117544,0.41173269183271005,-0.3346927510530362,0.06705349821261615,-0.23130482669294317,-0.6414781780182107,1.2787467040220322,-0.7002080134759401,1
0.47234264016825267,0.7288155252362812,-0.7378063230712658,0.5283622494715786,-0.39260073655797517,0.2732312961117544,0.41173269183271005,1.6141846344291109,-0.2616212061384,0.34522561006584274,-0.6414781780182107,1.2787467040220322,-0.7002080134759401,1
0.47234264016825267,0.7288155252362812,1.2447454597110414,0.5283622494715786,-0.39260073655797517,0.2732312961117544,0.41173269183271005,0.7441500873388667,0.6487759090150583,0.4104932066800449,-0.6414781780182107,1.2787467040220322,-0.7002080134759401,1
0.47234264016825267,0.7288155252362812,0.2534695683198878,-1.8926408936295354,-0.39260073655797517,0.2732312961117544,0.41173269183271005,-0.6266763450565221,0.6823619751463196,-0.2149879275393927,1.5588994828934168,-0.7820157008848647,-0.7002080134759401,1
0.47234264016825267,-1.3720893221584447,1.2447454597110414,0.5283622494715786,-0.39260073655797517,0.2732312961117544,-2.428760260810931,-0.9214440496106969,-0.15201210294444722,-0.4923752131497519,1.5588994828934168,-0.7820157008848647,-0.7002080134759401,0
0.47234264016825267,0.7288155252362812,0.2534695683198878,0.5283622494715786,-0.39260073655797517,0.2732312961117544,0.41173269183271005,2.2135949356469347,0.3903919668109014,1.7919906683473243,-0.6414781780182107,-0.7820157008848647,1.4281470373865712,0
0.47234264016825267,0.7288155252362812,1.2447454597110414,0.5283622494715786,2.5471169737663755,0.2732312961117544,0.41173269183271005,0.16401105133909177,0.014438220678791067,-0.05725790238840411,-0.6414781780182107,1.2787467040220322,-0.7002080134759401,1
0.47234264016825267,-1.3720893221584447,-0.7378063230712658,0.5283622494715786,-0.39260073655797517,0.2732312961117544,0.41173269183271005,-1.3084354161564375,0.7958598863500397,-0.5195700450723362,-0.6414781780182107,-0.7820157008848647,1.4281470373865712,0
0.47234264016825267,-1.3720893221584447,-0.7378063230712658,-1.8926408936295354,-0.39260073655797517,0.2732312961117544,0.41173269183271005,-0.2473412825251757,-0.7323295368335727,-0.40535175099748233,-0.6414781780182107,1.2787467040220322,-0.7002080134759401,1
0.47234264016825267,0.7288155252362812,0.2534695683198878,-1.8926408936295354,-0.39260073655797517,0.2732312961117544,0.41173269183271005,0.09371225993420006,0.5629802085344385,0.08415522360903409,-0.6414781780182107,-0.7820157008848647,1.4281470373865712,1
0.47234264016825267,-1.3720893221584447,-0.7378063230712658,-1.8926408936295354,-0.39260073655797517,0.2732312961117544,0.41173269183271005,-0.8713300596982989,0.6810791960838483,-0.3292062216142464,1.5588994828934168,-0.7820157008848647,-0.7002080134759401,1
-2.1171071907541332,-1.3720893221584447,-0.7378063230712658,-1.8926408936295354,2.5471169737663755,0.2732312961117544,0.41173269183271005,2.2135949356469347,-1.2463272436552582,0.29627491260519107,-0.6414781780182107,1.2787467040220322,-0.7002080134759401,1
0.47234264016825267,0.7288155252362812,-0.7378063230712658,0.5283622494715786,-0.39260073655797517,0.2732312961117544,-2.428760260810931,-0.15337755143942933,-0.36729848341624055,-0.28025552415359484,1.5588994828934168,-0.7820157008848647,-0.7002080134759401,0
-2.1171071907541332,0.7288155252362812,0.2534695683198878,0.5283622494715786,-0.39260073655797517,-4.014071330210684,0.41173269183271005,-0.6806184869761174,0.10266658173691597,1.520042349121482,-0.6414781780182107,1.2787467040220322,-0.7002080134759401,1
0.47234264016825267,0.7288155252362812,-0.7378063230712658,-1.8926408936295354,-0.39260073655797517,0.2732312961117544,0.41173269183271005,-0.6593896440271154,0.11573866530589866,-0.345523120767797,1.5588994828934168,-0.7820157008848647,-0.7002080134759401,1
0.47234264016825267,0.7288155252362812,-0.7378063230712658,0.5283622494715786,-0.39260073655797517,-5.132498102294799,0.41173269183271005,0.44799032750934753,-1.0392081966115847,17.184265536530003,-0.6414781780182107,-0.7820157008848647,1.4281470373865712,1
0.47234264016825267,0.7288155252362812,0.2534695683198878,0.5283622494715786,2.5471169737663755,0.2732312961117544,0.41173269183271005,-1.1483490594918326,1.0273957105544722,-0.4107907173819992,-0.6414781780182107,1.2787467040220322,-0.7002080134759401,1
0.47234264016825267,-1.3720893221584447,-0.7378063230712658,0.5283622494715786,-0.39260073655797517,0.2732312961117544,-2.428760260810931,1.5675507827050739,-0.4991054250828637,0.2092514504529216,1.5588994828934168,-0.7820157008848647,-0.7002080134759401,0
-2.1171071907541332,-1.3720893221584447,-0.7378063230712658,0.5283622494715786,-0.39260073655797517,2.1372759162519452,0.41173269183271005,-0.6496452570997047,0.2565808361358001,-0.4665401228232969,1.5588994828934168,-0.7820157008848647,-0.7002080134759401,1
-2.1171071907541332,-1.3720893221584447,-0.7378063230712658,0.5283622494715786,-0.39260073655797517,0.2732312961117544,0.41173269183271005,-1.0564734113191028,0.8941080747988113,-0.3835958854594149,-0.6414781780182107,1.2787467040220322,-0.7002080134759401,1
0.47234264016825267,0.7288155252362812,1.2447454597110414,0.5283622494715786,-0.39260073655797517,0.2732312961117544,0.41173269183271005,1.4944678807494933,-0.46511000203250163,0.20381248406840455,-0.6414781780182107,1.2787467040220322,-0.7002080134759401,1
0.47234264016825267,0.7288155252362812,0.2534695683198878,-1.8926408936295354,-0.39260073655797517,0.2732312961117544,0.41173269183271005,1.0987761687328501,-1.0483349732214218,-0.17691516284777467,1.5588994828934168,-0.7820157008848647,-0.7002080134759401,0
0.47234264016825267,0.7288155252362812,-0.7378063230712658,-1.8926408936295354,-0.39260073655797517,-0.6587910139583409,0.41173269183271005,-0.31241986664752597,-0.053713341154938817,-0.11817432589499277,-0.6414781780182107,1.2787467040220322,-0.7002080134759401,1
0.47234264016825267,0.7288155252362812,1.2447454597110414,0.5283622494715786,-0.39260073655797517,0.2732312961117544,0.41173269183271005,0.6025084630725749,0.7795118083593285,0.3941763075264944,1.5588994828934168,-0.7820157008848647,-0.7002080134759401,1
0.47234264016825267,0.7288155252362812,-0.7378063230712658,0.5283622494715786,-0.39260073655797517,0.2732312961117544,0.41173269183271005,2.2135949356469347,-0.7381829403718424,1.6832113406569873,-0.6414781780182107,-0.7820157008848647,1.4281470373865712,1
0.47234264016825267,-1.3720893221584447,-0.7378063230712658,0.5283622494715786,-0.39260073655797517,0.2732312961117544,0.41173269183271005,-0.9089155521325974,0.3352161772046121,-0.40535175099748233,-0.6414781780182107,-0.7820157008848647,1.4281470373865712,0
0.47234264016825267,0.7288155252362812,-0.7378063230712658,0.5283622494715786,2.5471169737663755,0.2732312961117544,0.41173269183271005,-0.24455717197448693,1.1902003119111069,0.09503315637806775,-0.6414781780182107,-0.7820157008848647,1.4281470373865712,1
-2.1171071907541332,-1.3720893221584447,0.2534695683198878,0.5283622494715786,-0.39260073655797517,0.2732312961117544,0.41173269183271005,2.2135949356469347,-2.3977573499355676,-0.7099338685304258,-0.6414781780182107,-0.7820157008848647,1.4281470373865712,1
0.47234264016825267,-1.3720893221584447,-0.7378063230712658,-1.8926408936295354,-0.39260073655797517,0.2732312961117544,0.41173269183271005,-0.4558015600079982,-0.39148635805221454,-0.3835958854594149,1.5588994828934168,-0.7820157008848647,-0.7002080134759401,0
0.47234264016825267,0.7288155252362812,0.2534695683198878,0.5283622494715786,-0.39260073655797517,0.2732312961117544,0.41173269183271005,0.6522744391661368,0.816773773043696,0.4322490722181122,-0.6414781780182107,1.2787467040220322,-0.7002080134759401,1
0.47234264016825267,0.7288155252362812,1.2447454597110414,0.5283622494715786,-0.39260073655797517,0.2732312961117544,0.41173269183271005,-0.3051115764519679,0.45439010739134356,-0.12252549900260627,-0.6414781780182107,-0.7820157008848647,1.4281470373865712,1
0.47234264016825267,0.7288155252362812,-0.7378063230712658,0.5283622494715786,-0.39260073655797517,-2.5228356340985316,0.41173269183271005,0.9052804854599799,-1.8297127272170517,-0.16603723007874102,-0.6414781780182107,1.2787467040220322,-0.7002080134759401,0
0.47234264016825267,-1.3720893221584447,-0.7378063230712658,0.5283622494715786,-0.39260073655797517,0.2732312961117544,0.41173269183271005,1.1436699513627069,1.0259300185613065,0.7640260216736401,1.5588994828934168,-0.7820157008848647,-0.7002080134759401,0
0.47234264016825267,0.7288155252362812,2.236021351102195,0.5283622494715786,-0.39260073655797517,0.2732312961117544,0.41173269183271005,0.24335820203372205,-0.24353101940495334,-0.11164756623357251,1.5588994828934168,-0.7820157008848647,-0.7002080134759401,1
-2.1171071907541332,0.7288155252362812,1.2447454597110414,0.5283622494715786,-0.39260073655797517,2.1372759162519452,0.41173269183271005,-0.8810744466257097,0.8014011645827069,-0.4665401228232969,-0.6414781780182107,1.2787467040220322,-0.7002080134759401,1
0.47234264016825267,0.7288155252362812,-0.7378063230712658,-1.8926408936295354,-0.39260073655797517,0.2732312961117544,-2.428760260810931,-0.4596297120151953,0.15622397316540604,-0.25849965861552743,-0.6414781780182107,1.2787467040220322,-0.7002080134759401,0
0.47234264016825267,-1.3720893221584447,-0.7378063230712658,0.5283622494715786,-0.39260073655797517,0.2732312961117544,0.41173269183271005,0.14034611165823715,0.47838858298546416,0.07871625722451704,-0.6414781780182107,1.2787467040220322,-0.7002080134759401,0
-2.1171071907541332,-1.3720893221584447,-0.7378063230712658,-1.8926408936295354,-0.39260073655797517,0.2732312961117544,0.41173269183271005,-0.9726020809796033,0.4671676163184412,-0.4107907173819992,1.5588994828934168,-0.7820157008848647,-0.7002080134759401,0
0.47234264016825267,0.7288155252362812,1.2447454597110414,-1.8926408936295354,-0.39260073655797517,0.2732312961117544,0.41173269183271005,-0.7867627017211272,-1.4296495716174769,-0.6827390366078416,-0.6414781780182107,1.2787467040220322,-0.7002080134759401,1
0.47234264016825267,-1.3720893221584447,-0.7378063230712658,0.5283622494715786,-0.39260073655797517,0.2732312961117544,0.41173269183271005,-1.2858145179320912,-0.21572094486611038,-0.6283493727626731,-0.6414781780182107,1.2787467040220322,-0.7002080134759401,1
0.47234264016825267,0.7288155252362812,2.236021351102195,0.5283622494715786,2.5471169737663755,0.2732312961117544,0.41173269183271005,0.31539706253279426,-1.1257686604682962,-0.3835958854594149,1.5588994828934168,-0.7820157008848647,-0.7002080134759401,1
0.47234264016825267,0.7288155252362812,1.2447454597110414,0.5283622494715786,2.5471169737663755,0.2732312961117544,0.41173269183271005,2.2135949356469347,0.9059524851358034,1.6832113406569873,1.5588994828934168,-0.7820157008848647,-0.7002080134759401,1
0.47234264016825267,-1.3720893221584447,-0.7378063230712658,0.5283622494715786,-0.39260073655797517,0.2732312961117544,0.41173269183271005,0.19916044704153765,-0.5702786177966651,-0.23130482669294317,-0.6414781780182107,1.2787467040220322,-0.7002080134759401,0
0.47234264016825267,0.7288155252362812,1.2447454597110414,0.5283622494715786,2.5471169737663755,0.2732312961117544,0.41173269183271005,2.2135949356469347,-0.117199539999315,1.2480940298956398,1.5588994828934168,-0.7820157008848647,-0.7002080134759401,1
0.47234264016825267,0.7288155252362812,-0.7378063230712658,0.5283622494715786,-0.39260073655797517,0.2732312961117544,0.41173269183271005,-0.8420968989160666,0.6048557892672639,-0.3292062216142464,-0.6414781780182107,1.2787467040220322,-0.7002080134759401,1
0.47234264016825267,0.7288155252362812,0.2534695683198878,-1.8926408936295354,-0.39260073655797517,0.2732312961117544,-2.428760260810931,0.18106372846206056,0.011423589710127144,-0.05181893600388717,-0.6414781780182107,1.2787467040220322,-0.7002080134759401,1
0.47234264016825267,-1.3720893221584447,0.2534695683198878,-1.8926408936295354,-0.39260073655797517,0.2732312961117544,0.41173269183271005,-0.7704060522358306,-0.030416890815802622,-0.416229683766516,-0.6414781780182107,1.2787467040220322,-0.7002080134759401,1
0.47234264016825267,-1.3720893221584447,-0.7378063230712658,-1.8926408936295354,-0.39260073655797517,0.2732312961117544,0.41173269183271005,0.2047286681429152,-0.5415160136602287,-0.22042689392390952,-0.6414781780182107,1.2787467040220322,-0.7002080134759401,1
0.47234264016825267,0.7288155252362812,-0.7378063230712658,0.5283622494715786,-0.39260073655797517,0.2732312961117544,0.41173269183271005,0.11494110288320201,1.0605275986382374,0.2473242151445394,1.5588994828934168,-0.7820157008848647,-0.7002080134759401,1
0.47234264016825267,0.7288155252362812,2.236021351102195,0.5283622494715786,-0.39260073655797517,0.2732312961117544,0.41173269183271005,-0.6660019065850012,-0.05951200869056333,-0.3835958854594149,-0.6414781780182107,-0.7820157008848647,1.4281470373865712,1
0.47234264016825267,-1.3720893221584447,1.2447454597110414,0.5283622494715786,-0.39260073655797517,0.2732312961117544,-2.428760260810931,-0.9071754830384169,0.7794148060385204,-0.3292062216142464,1.5588994828934168,-0.7820157008848647,-0.7002080134759401,0
0.47234264016825267,-1.3720893221584447,0.2534695683198878,0.5283622494715786,-0.39260073655797517,0.2732312961117544,0.41173269183271005,1.7593063968837637,-0.7418982256732167,0.13854488745420238,-0.6414781780182107,1.2787467040220322,-0.7002080134759401,0
-2.1171071907541332,-1.3720893221584447,-0.7378063230712658,-1.8926408936295354,2.5471169737663755,0.2732312961117544,0.41173269183271005,2.2135949356469347,-1.9534816011646312,-0.24762172584649378,-0.6414781780182107,-0.7820157008848647,1.4281470373865712,1
0.47234264016825267,-1.3720893221584447,-0.7378063230712658,-1.8926408936295354,-0.39260073655797517,0.2732312961117544,0.41173269183271005,-0.5577696089269748,0.40944943317074894,-0.24218275946197693,1.5588994828934168,-0.7820157008848647,-0.7002080134759401,1
0.47234264016825267,0.7288155252362812,-0.7378063230712658,0.5283622494715786,-0.39260073655797517,0.2732312961117544,0.41173269183271005,1.3378616622732493,0.9652044989927893,0.8347325846723591,-0.6414781780182107,-0.7820157008848647,1.4281470373865712,1
0.47234264016825267,-1.3720893221584447,1.2447454597110414,0.5283622494715786,-0.39260073655797517,0.2732312961117544,0.41173269183271005,-0.8970830822921702,0.6558271313083015,-0.345523120767797,-0.6414781780182107,1.2787467040220322,-0.7002080134759401,1
0.47234264016825267,0.7288155252362812,-0.7378063230712658,-1.8926408936295354,-0.39260073655797517,0.2732312961117544,0.41173269183271005,-0.9541573485812901,-0.547463885609298,-0.5685207425329879,1.5588994828934168,-0.7820157008848647,-0.7002080134759401,0
0.47234264016825267,0.7288155252362812,2.236021351102195,0.5283622494715786,-0.39260073655797517,-2.5228356340985316,0.41173269183271005,0.07735561044890346,0.06775519335926274,0.7803429208271906,1.5588994828934168,-0.7820157008848647,-0.7002080134759401,1
-2.1171071907541332,0.7288155252362812,0.2534695683198878,0.5283622494715786,-0.39260073655797517,-2.5228356340985316,0.41173269183271005,0.4378979267631007,-0.5853293335074472,0.5954180637536177,-0.6414781780182107,1.2787467040220322,-0.7002080134759401,1
-2.1171071907541332,-1.3720893221584447,-0.7378063230712658,0.5283622494715786,-0.39260073655797517,0.2732312961117544,-2.428760260810931,-1.4117955203507586,2.577930752786449,-0.3890348518439318,-0.6414781780182107,1.2787467040220322,-0.7002080134759401,0
-2.1171071907541332,-1.3720893221584447,0.2534695683198878,0.5283622494715786,-0.39260073655797517,0.2732312961117544,0.41173269183271005,-0.8849025986329067,0.2455563446599148,-0.4107907173819992,-0.6414781780182107,1.2787467040220322,-0.7002080134759401,1
0.47234264016825267,0.7288155252362812,0.2534695683198878,-1.8926408936295354,-0.39260073655797517,0.2732312961117544,0.41173269183271005,-0.4982592459060021,0.34448380172373116,-0.23130482669294317,-0.6414781780182107,-0.7820157008848647,1.4281470373865712,1
-2.1171071907541332,0.7288155252362812,-0.7378063230712658,-1.8926408936295354,-0.39260073655797517,0.2732312961117544,0.41173269183271005,-0.8751582117054959,0.44144538252436083,-0.37271795269038127,-0.6414781780182107,1.2787467040220322,-0.7002080134759401,1
0.47234264016825267,0.7288155252362812,-0.7378063230712658,0.5283622494715786,-0.39260073655797517,0.2732312961117544,0.41173269183271005,-0.5139198677536265,1.0317296028093064,-0.08445273431098825,1.5588994828934168,-0.7820157008848647,-0.7002080134759401,1
0.47234264016825267,-1.3720893221584447,-0.7378063230712658,-1.8926408936295354,-0.39260073655797517,-4.759689178266761,0.41173269183271005,-0.9872186613707195,-0.006101350671660213,3.423680583702379,-0.6414781780182107,1.2787467040220322,-0.7002080134759401,0
0.47234264016825267,-1.3720893221584447,-0.7378063230712658,0.5283622494715786,-0.39260073655797517,0.2732312961117544,0.41173269183271005,-0.6562575196575905,1.123406500398065,-0.13884239815615676,1.5588994828934168,-0.7820157008848647,-0.7002080134759401,1
-2.1171071907541332,-1.3720893221584447,-0.7378063230712658,0.5283622494715786,-0.39260073655797517,0.2732312961117544,-2.428760260810931,-0.415779970841847,-0.3766392394818757,-0.3672789863058644,-0.6414781780182107,1.2787467040220322,-0.7002080134759401,0
0.47234264016825267,0.7288155252362812,-0.7378063230712658,0.5283622494715786,-0.39260073655797517,0.2732312961117544,0.41173269183271005,-0.4850347207902304,-0.11090642797560787,-0.3292062216142464,1.5588994828934168,-0.7820157008848647,-0.7002080134759401,1
0.47234264016825267,0.7288155252362812,1.2447454597110414,0.5283622494715786,2.5471169737663755,0.2732312961117544,-2.428760260810931,0.15252659531750057,-0.5263562261740957,-0.23130482669294317,1.5588994828934168,-0.7820157008848647,-0.7002080134759401,0
0.47234264016825267,0.7288155252362812,0.2534695683198878,-1.8926408936295354,-0.39260073655797517,0.2732312961117544,0.41173269183271005,-0.462065808747048,0.27847850817470543,-0.23130482669294317,1.5588994828934168,-0.7820157008848647,-0.7002080134759401,1
0.47234264016825267,0.7288155252362812,0.2534695683198878,0.5283622494715786,-0.39260073655797517,0.2732312961117544,0.41173269183271005,0.1351259043756957,0.014302016144729016,-0.06813583515743776,-0.6414781780182107,-0.7820157008848647,1.4281470373865712,1
0.47234264016825267,0.7288155252362812,-0.7378063230712658,-1.8926408936295354,-0.39260073655797517,0.2732312961117544,-2.428760260810931,-0.4899069142539358,1.6015911274560766,0.05696039168644973,-0.6414781780182107,-0.7820157008848647,1.4281470373865712,0
0.47234264016825267,0.7288155252362812,-0.7378063230712658,0.5283622494715786,-0.39260073655797517,-2.5228356340985316,-2.428760260810931,0.5791915372105564,-0.8138737826676827,0.5083946016013481,1.5588994828934168,-0.7820157008848647,-0.7002080134759401,0
0.47234264016825267,0.7288155252362812,0.2534695683198878,0.5283622494715786,-0.39260073655797517,0.2732312961117544,0.41173269183271005,0.10624075741229956,-2.28467044706881,-0.7860793979136617,-0.6414781780182107,1.2787467040220322,-0.7002080134759401,1
-2.1171071907541332,-1.3720893221584447,-0.7378063230712658,0.5283622494715786,-0.39260073655797517,0.2732312961117544,0.41173269183271005,-0.6621737545778041,-0.4948802284293408,-0.4706193476116845,-0.6414781780182107,-0.7820157008848647,1.4281470373865712,1
0.47234264016825267,0.7288155252362812,2.236021351102195,0.5283622494715786,2.5471169737663755,0.2732312961117544,0.41173269183271005,1.372663044156859,0.20307519167141905,0.48663873606328073,-0.6414781780182107,1.2787467040220322,-0.7002080134759401,1
0.47234264016825267,0.7288155252362812,-0.7378063230712658,0.5283622494715786,-0.39260073655797517,0.2732312961117544,0.41173269183271005,0.12572953126712103,0.09579263688375052,-0.04637996961937035,-0.6414781780182107,1.2787467040220322,-0.7002080134759401,1
-2.1171071907541332,0.7288155252362812,-0.7378063230712658,0.5283622494715786,-0.39260073655797517,0.2732312961117544,0.41173269183271005,0.1013685639485942,0.4808757165977584,0.062399358070966554,-0.6414781780182107,1.2787467040220322,-0.7002080134759401,1
0.47234264016825267,0.7288155252362812,1.2447454597110414,-1.8926408936295354,-0.39260073655797517,0.2732312961117544,0.41173269183271005,-0.7926789366413408,0.4247478355933704,-0.34008415438328016,-0.6414781780182107,1.2787467040220322,-0.7002080134759401,1
-2.1171071907541332,0.7288155252362812,0.2534695683198878,0.5283622494715786,2.5471169737663755,0.2732312961117544,0.41173269183271005,2.2135949356469347,0.7951330752456539,2.3358873067990094,-0.6414781780182107,1.2787467040220322,-0.7002080134759401,1
0.47234264016825267,0.7288155252362812,-0.7378063230712658,0.5283622494715786,-0.39260073655797517,0.2732312961117544,0.41173269183271005,0.6202571678332158,0.29588966497892366,0.22012938322195524,1.5588994828934168,-0.7820157008848647,-0.7002080134759401,1
0.47234264016825267,-1.3720893221584447,-0.7378063230712658,-1.8926408936295354,2.5471169737663755,0.2732312961117544,0.41173269183271005,-0.13736891577296884,-0.12852383940929132,-0.20954896115487587,-0.6414781780182107,1.2787467040220322,-0.7002080134759401,1
0.47234264016825267,0.7288155252362812,1.2447454597110414,0.5283622494715786,-0.39260073655797517,0.2732312961117544,-2.428760260810931,0.9063245269164881,0.6258258523135082,0.4757608032942471,-0.6414781780182107,-0.7820157008848647,1.4281470373865712,0
0.47234264016825267,0.7288155252362812,-0.7378063230712658,-1.8926408936295354,-0.39260073655797517,0.2732312961117544,0.41173269183271005,-0.6012713362814871,0.34331689913627583,-0.27481655776907804,1.5588994828934168,-0.7820157008848647,-0.7002080134759401,1
0.47234264016825267,-1.3720893221584447,-0.7378063230712658,0.5283622494715786,-0.39260073655797517,0.2732312961117544,0.41173269183271005,-0.9959190068416218,-0.33042118229528933,-0.5467648769949204,-0.6414781780182107,-0.7820157008848647,1.4281470373865712,1
0.47234264016825267,0.7288155252362812,2.236021351102195,0.5283622494715786,-0.39260073655797517,0.2732312961117544,-2.428760260810931,-0.10256753388935905,-0.3481960542350212,-0.25849965861552743,1.5588994828934168,-0.7820157008848647,-0.7002080134759401,0
-2.1171071907541332,-1.3720893221584447,-0.7378063230712658,0.5283622494715786,-0.39260073655797517,0.2732312961117544,0.41173269183271005,-1.3282722038300951,-2.309418184315978,-0.8785418264504481,-0.6414781780182107,-0.7820157008848647,1.4281470373865712,0
0.47234264016825267,0.7288155252362812,-0.7378063230712658,0.5283622494715786,-0.39260073655797517,0.2732312961117544,-2.428760260810931,-0.3357367925095445,-0.4587906441901156,-0.3618400199213476,-0.6414781780182107,-0.7820157008848647,1.4281470373865712,0
0.47234264016825267,0.7288155252362812,0.2534695683198878,0.5283622494715786,-0.39260073655797517,0.2732312961117544,0.41173269183271005,-0.35766166309621866,1.3931950572876484,0.08415522360903409,-0.6414781780182107,-0.7820157008848647,1.4281470373865712,1
0.47234264016825267,0.7288155252362812,-0.7378063230712658,0.5283622494715786,-0.39260073655797517,0.2732312961117544,-2.428760260810931,0.1295576832743181,0.14354387656607287,-0.030063070465819856,-0.6414781780182107,-0.7820157008848647,1.4281470373865712,0
0.47234264016825267,0.7288155252362812,1.2447454597110414,0.5283622494715786,-0.39260073655797517,0.2732312961117544,0.41173269183271005,2.2135949356469347,-0.8478240949117183,0.5682232318310334,-0.6414781780182107,-0.7820157008848647,1.4281470373865712,1
0.47234264016825267,0.7288155252362812,1.2447454597110414,-1.8926408936295354,-0.39260073655797517,2.1372759162519452,0.41173269183271005,0.5412580309574216,0.02899351238367145,-0.1646774884826118,-0.6414781780182107,1.2787467040220322,-0.7002080134759401,0
0.47234264016825267,0.7288155252362812,2.236021351102195,0.5283622494715786,-0.39260073655797517,0.2732312961117544,0.41173269183271005,0.07352745844170638,-0.053015546403088774,-0.11164756623357251,-0.6414781780182107,1.2787467040220322,-0.7002080134759401,0
0.47234264016825267,0.7288155252362812,1.2447454597110414,0.5283622494715786,-0.39260073655797517,-4.014071330210684,0.41173269183271005,-0.8960390408356618,0.6847610668353717,1.5899719169224131,-0.6414781780182107,-0.7820157008848647,1.4281470373865712,1
0.47234264016825267,0.7288155252362812,-0.7378063230712658,0.5283622494715786,-0.39260073655797517,0.2732312961117544,-2.428760260810931,-0.31241986664752597,0.20667927129269814,-0.18779309561680843,-0.6414781780182107,1.2787467040220322,-0.7002080134759401,0
0.47234264016825267,-1.3720893221584447,-0.7378063230712658,0.5283622494715786,-0.39260073655797517,0.2732312961117544,0.41173269183271005,-0.07890259420850441,-0.6258746218741226,-0.3292062216142464,-0.6414781780182107,-0.7820157008848647,1.4281470373865712,1
0.47234264016825267,0.7288155252362812,0.2534695683198878,0.5283622494715786,-0.39260073655797517,0.2732312961117544,0.41173269183271005,-0.7589215962142393,0.3195279630557861,-0.345523120767797,1.5588994828934168,-0.7820157008848647,-0.7002080134759401,1
0.47234264016825267,-1.3720893221584447,-0.7378063230712658,0.5283622494715786,-0.39260073655797517,0.2732312961117544,0.41173269183271005,-0.03331278394097561,0.2897659614398491,-0.05181893600388717,-0.6414781780182107,-0.7820157008848647,1.4281470373865712,1
0.47234264016825267,0.7288155252362812,1.2447454597110414,0.5283622494715786,-0.39260073655797517,0.2732312961117544,0.41173269183271005,0.12016131016574348,0.8584736998385192,0.18749558491485405,-0.6414781780182107,1.2787467040220322,-0.7002080134759401,1
0.47234264016825267,-1.3720893221584447,-0.7378063230712658,0.5283622494715786,-0.39260073655797517,0.2732312961117544,0.41173269183271005,2.2135949356469347,-2.454448846496427,-0.43798554930458344,-0.6414781780182107,-0.7820157008848647,1.4281470373865712,0
-2.1171071907541332,0.7288155252362812,-0.7378063230712658,0.5283622494715786,-0.39260073655797517,0.2732312961117544,0.41173269183271005,-1.0540373145872501,-1.4374569006484725,-0.7316897340684931,-0.6414781780182107,1.2787467040220322,-0.7002080134759401,1
0.47234264016825267,0.7288155252362812,0.2534695683198878,0.5283622494715786,-0.39260073655797517,0.2732312961117544,0.41173269183271005,-1.5015830856104717,0.9850523477834471,-0.595715574455572,1.5588994828934168,-0.7820157008848647,-0.7002080134759401,0
0.47234264016825267,0.7288155252362812,0.2534695683198878,0.5283622494715786,-0.39260073655797517,0.2732312961117544,-2.428760260810931,-0.5187920612173319,0.8230543437492664,-0.13340343177163994,1.5588994828934168,-0.7820157008848647,-0.7002080134759401,0
0.47234264016825267,0.7288155252362812,0.2534695683198878,0.5283622494715786,-0.39260073655797517,-4.014071330210684,0.41173269183271005,0.37873557756096404,-0.029901521864793636,3.0818026966756054,1.5588994828934168,-0.7820157008848647,-0.7002080134759401,0
0.47234264016825267,0.7288155252362812,-0.7378063230712658,0.5283622494715786,-0.39260073655797517,0.2732312961117544,0.41173269183271005,-0.8267842908872783,0.38568356697547623,-0.3618400199213476,-0.6414781780182107,-0.7820157008848647,1.4281470373865712,1
-2.1171071907541332,-1.3720893221584447,-0.7378063230712658,-1.8926408936295354,-0.39260073655797517,0.2732312961117544,0.41173269183271005,-1.402399147242184,0.9719208402063662,-0.5467648769949204,-0.6414781780182107,1.2787467040220322,-0.7002080134759401,1
0.47234264016825267,-1.3720893221584447,-0.7378063230712658,0.5283622494715786,-0.39260073655797517,0.2732312961117544,0.41173269183271005,-0.5027834255508714,-0.4698024626804768,-0.416229683766516,-0.6414781780182107,1.2787467040220322,-0.7002080134759401,1
0.47234264016825267,0.7288155252362812,1.2447454597110414,0.5283622494715786,2.5471169737663755,0.2732312961117544,-2.428760260810931,-1.2071633948751332,1.725047125717282,-0.35096208715231386,-0.6414781780182107,1.2787467040220322,-0.7002080134759401,0
0.47234264016825267,0.7288155252362812,-0.7378063230712658,0.5283622494715786,-0.39260073655797517,-2.5228356340985316,0.41173269183271005,0.07700759663006736,-1.7412057399232963,-0.31832828884521275,-0.6414781780182107,1.2787467040220322,-0.7002080134759401,1
0.47234264016825267,0.7288155252362812,1.2447454597110414,0.5283622494715786,2.5471169737663755,-1.5908133240284363,0.41173269183271005,-0.06776615200574929,1.182735663104233,0.7449896393278309,-0.6414781780182107,1.2787467040220322,-0.7002080134759401,0
0.47234264016825267,-1.3720893221584447,2.236021351102195,0.5283622494715786,2.5471169737663755,0.2732312961117544,0.41173269183271005,1.1005162378270308,0.8424988300899761,0.6606856603678198,-0.6414781780182107,1.2787467040220322,-0.7002080134759401,1
0.47234264016825267,0.7288155252362812,-0.7378063230712658,0.5283622494715786,-0.39260073655797517,-2.5228356340985316,0.41173269183271005,0.33558186402528795,-0.4645497647287342,0.617173929291685,1.5588994828934168,-0.7820157008848647,-0.7002080134759401,1
0.47234264016825267,0.7288155252362812,-0.7378063230712658,0.5283622494715786,2.5471169737663755,0.2732312961117544,0.41173269183271005,2.2135949356469347,-0.8905395997064174,0.48663873606328073,-0.6414781780182107,-0.7820157008848647,1.4281470373865712,1
0.47234264016825267,-1.3720893221584447,-0.7378063230712658,-1.8926408936295354,-0.39260073655797517,0.2732312961117544,0.41173269183271005,-0.821912097423573,0.5541751260900906,-0.3292062216142464,1.5588994828934168,-0.7820157008848647,-0.7002080134759401,1
0.47234264016825267,0.7288155252362812,1.2447454597110414,-1.8926408936295354,2.5471169737663755,0.2732312961117544,0.41173269183271005,0.41353695944457386,0.16685738874661232,0.08959418999355091,1.5588994828934168,-0.7820157008848647,-0.7002080134759401,0
0.47234264016825267,-1.3720893221584447,-0.7378063230712658,0.5283622494715786,-0.39260073655797517,0.2732312961117544,-2.428760260810931,-1.1163317881589117,0.6418583544325054,-0.44886348207361715,-0.6414781780182107,1.2787467040220322,-0.7002080134759401,0
0.47234264016825267,0.7288155252362812,-0.7378063230712658,0.5283622494715786,2.5471169737663755,0.2732312961117544,0.41173269183271005,1.311412612041706,-0.667803958646626,0.0515214253019329,1.5588994828934168,-0.7820157008848647,-0.7002080134759401,1
0.47234264016825267,0.7288155252362812,1.2447454597110414,0.5283622494715786,-0.39260073655797517,0.2732312961117544,0.41173269183271005,-0.14432919214969078,1.0736935661183487,0.11678902191613506,-0.6414781780182107,-0.7820157008848647,1.4281470373865712,1
-2.1171071907541332,-1.3720893221584447,2.236021351102195,0.5283622494715786,-0.39260073655797517,-2.5228356340985316,0.41173269183271005,2.2135949356469347,-1.7884791661264394,2.879783945250694,-0.6414781780182107,-0.7820157008848647,1.4281470373865712,0
0.47234264016825267,0.7288155252362812,-0.7378063230712658,-1.8926408936295354,-0.39260073655797517,0.2732312961117544,0.41173269183271005,-0.17704249112028397,0.388864798987002,-0.08445273431098825,1.5588994828934168,-0.7820157008848647,-0.7002080134759401,1
0.47234264016825267,0.7288155252362812,2.236021351102195,0.5283622494715786,-0.39260073655797517,0.2732312961117544,0.41173269183271005,-0.1711262562000703,-0.16464920836698052,-0.23130482669294317,-0.6414781780182107,-0.7820157008848647,1.4281470373865712,1
0.47234264016825267,-1.3720893221584447,-0.7378063230712658,0.5283622494715786,-0.39260073655797517,0.2732312961117544,0.41173269183271005,0.6202571678332158,-0.26606644902874604,0.008009694225798161,1.5588994828934168,-0.7820157008848647,-0.7002080134759401,1
-2.1171071907541332,0.7288155252362812,0.2534695683198878,0.5283622494715786,-0.39260073655797517,0.2732312961117544,0.41173269183271005,2.020316761010837,2.006484076018271,1.770234802809257,-0.6414781780182107,1.2787467040220322,-0.7002080134759401,1
0.47234264016825267,0.7288155252362812,-0.7378063230712658,-1.8926408936295354,-0.39260073655797517,-2.5228356340985316,0.41173269183271005,0.0018366117614702572,-0.37144832675233497,0.46488287052521343,-0.6414781780182107,-0.7820157008848647,1.4281470373865712,0
0.47234264016825267,0.7288155252362812,0.2534695683198878,0.5283622494715786,-0.39260073655797517,0.2732312961117544,0.41173269183271005,-0.10256753388935905,0.6258856323010896,0.01344866061031499,-0.6414781780182107,1.2787467040220322,-0.7002080134759401,1
0.47234264016825267,0.7288155252362812,1.2447454597110414,-1.8926408936295354,-0.39260073655797517,0.2732312961117544,0.41173269183271005,-0.2772704709450801,0.5986228940273077,-0.0735748015419546,1.5588994828934168,-0.7820157008848647,-0.7002080134759401,1
0.47234264016825267,0.7288155252362812,-0.7378063230712658,0.5283622494715786,-0.39260073655797517,0.2732312961117544,0.41173269183271005,-0.3524414558136772,-0.3488953178154758,-0.34008415438328016,1.5588994828934168,-0.7820157008848647,-0.7002080134759401,1
-2.1171071907541332,-1.3720893221584447,-0.7378063230712658,0.5283622494715786,-0.39260073655797517,0.2732312961117544,0.41173269183271005,-1.1466089903976522,0.06965140026529677,-0.5413259106104035,1.5588994828934168,-0.7820157008848647,-0.7002080134759401,1
0.47234264016825267,0.7288155252362812,2.236021351102195,0.5283622494715786,-0.39260073655797517,-2.5228356340985316,0.41173269183271005,-0.7269043248813183,-1.6246938076802344,-0.4923752131497519,1.5588994828934168,-0.7820157008848647,-0.7002080134759401,1
0.47234264016825267,0.7288155252362812,0.2534695683198878,0.5283622494715786,-0.39260073655797517,0.2732312961117544,0.41173269183271005,0.7368417971433086,0.7541475336822305,0.4485659713716627,-0.6414781780182107,-0.7820157008848647,1.4281470373865712,1
0.47234264016825267,0.7288155252362812,1.2447454597110414,0.5283622494715786,-0.39260073655797517,0.2732312961117544,0.41173269183271005,0.4831397232117934,0.09007262303751379,0.08959418999355091,-0.6414781780182107,-0.7820157008848647,1.4281470373865712,1
-2.1171071907541332,-1.3720893221584447,-0.7378063230712658,0.5283622494715786,2.5471169737663755,0.2732312961117544,-2.428760260810931,-0.5609017332964997,0.5912029681926535,-0.20410999477035893,-0.6414781780182107,1.2787467040220322,-0.7002080134759401,0
